time,flux,flux_err
0.000000000000000000e+00,1.000609434159508870e+00,2.000000000000000042e-03
2.040000000000000147e-02,9.979200317875189796e-01,2.000000000000000042e-03
4.080000000000000293e-02,1.001500902391612824e+00,2.000000000000000042e-03
6.120000000000000440e-02,1.001881129432782513e+00,2.000000000000000042e-03
8.160000000000000586e-02,9.960979296226922797e-01,2.000000000000000042e-03
1.020000000000000073e-01,9.973956409862753114e-01,2.000000000000000042e-03
1.224000000000000088e-01,1.000255680806334535e+00,2.000000000000000042e-03
1.428000000000000103e-01,9.993675148153128296e-01,2.000000000000000042e-03
1.632000000000000117e-01,9.999663976849914038e-01,2.000000000000000042e-03
1.836000000000000132e-01,9.982939121448528574e-01,2.000000000000000042e-03
2.040000000000000147e-01,1.001758795949725611e+00,2.000000000000000042e-03
2.244000000000000161e-01,1.001555583870857857e+00,2.000000000000000042e-03
2.448000000000000176e-01,1.000132061395122340e+00,2.000000000000000042e-03
2.651999999999999913e-01,1.002254482413936110e+00,2.000000000000000042e-03
2.856000000000000205e-01,1.000935018684504074e+00,2.000000000000000042e-03
3.060000000000000497e-01,9.982814150742335135e-01,2.000000000000000042e-03
3.264000000000000234e-01,1.000737501568164989e+00,2.000000000000000042e-03
3.467999999999999972e-01,9.980822347983420162e-01,2.000000000000000042e-03
3.672000000000000264e-01,1.001756900602614575e+00,2.000000000000000042e-03
3.876000000000000556e-01,9.999001481780275258e-01,2.000000000000000042e-03
4.080000000000000293e-01,9.996302752729094854e-01,2.000000000000000042e-03
4.284000000000000030e-01,9.986381409111920737e-01,2.000000000000000042e-03
4.488000000000000322e-01,9.965784160106814227e-01,2.000000000000000042e-03
4.692000000000000615e-01,9.896909410358624148e-01,2.000000000000000042e-03
4.896000000000000352e-01,9.891433443556737481e-01,2.000000000000000042e-03
5.100000000000000089e-01,9.892957328990235055e-01,2.000000000000000042e-03
5.303999999999999826e-01,9.910646183711067092e-01,2.000000000000000042e-03
5.508000000000000673e-01,9.945975547953949114e-01,2.000000000000000042e-03
5.712000000000000410e-01,1.000825465223192046e+00,2.000000000000000042e-03
5.916000000000000147e-01,1.000861642006015684e+00,2.000000000000000042e-03
6.120000000000000995e-01,1.004283295201740867e+00,2.000000000000000042e-03
6.324000000000000732e-01,9.991871699672307816e-01,2.000000000000000042e-03
6.528000000000000469e-01,9.989755145418569571e-01,2.000000000000000042e-03
6.732000000000000206e-01,9.983724545435042064e-01,2.000000000000000042e-03
6.935999999999999943e-01,1.001231958845151038e+00,2.000000000000000042e-03
7.140000000000000790e-01,1.002257944585441818e+00,2.000000000000000042e-03
7.344000000000000528e-01,9.997721050846902768e-01,2.000000000000000042e-03
7.548000000000000265e-01,9.983196870460749883e-01,2.000000000000000042e-03
7.752000000000001112e-01,9.983510375686175387e-01,2.000000000000000042e-03
7.956000000000000849e-01,1.001301185575649511e+00,2.000000000000000042e-03
8.160000000000000586e-01,1.001486508342406934e+00,2.000000000000000042e-03
8.364000000000000323e-01,1.001086308536610403e+00,2.000000000000000042e-03
8.568000000000000060e-01,9.986689805854226387e-01,2.000000000000000042e-03
8.772000000000000908e-01,1.000464322646133386e+00,2.000000000000000042e-03
8.976000000000000645e-01,1.000233371618281408e+00,2.000000000000000042e-03
9.180000000000000382e-01,1.000437377193458044e+00,2.000000000000000042e-03
9.384000000000001229e-01,1.001742857555896427e+00,2.000000000000000042e-03
9.588000000000000966e-01,1.000447191097549426e+00,2.000000000000000042e-03
9.792000000000000703e-01,1.001357827126143851e+00,2.000000000000000042e-03
9.996000000000000441e-01,1.000135158138977687e+00,2.000000000000000042e-03
1.020000000000000018e+00,1.000578238797380060e+00,2.000000000000000042e-03
1.040399999999999991e+00,1.001262576451677155e+00,2.000000000000000042e-03
1.060799999999999965e+00,9.970856883602886578e-01,2.000000000000000042e-03
1.081200000000000161e+00,9.993606575672854264e-01,2.000000000000000042e-03
1.101600000000000135e+00,9.990592546914144334e-01,2.000000000000000042e-03
1.122000000000000108e+00,9.987222443035133068e-01,2.000000000000000042e-03
1.142400000000000082e+00,9.994497154975466868e-01,2.000000000000000042e-03
1.162800000000000056e+00,1.002989882622468798e+00,2.000000000000000042e-03
1.183200000000000029e+00,9.982683377686135673e-01,2.000000000000000042e-03
1.203600000000000003e+00,1.001936556709182913e+00,2.000000000000000042e-03
1.224000000000000199e+00,9.966342604567683949e-01,2.000000000000000042e-03
1.244400000000000173e+00,9.993302299400284028e-01,2.000000000000000042e-03
1.264800000000000146e+00,1.000325506130210096e+00,2.000000000000000042e-03
1.285200000000000120e+00,1.001172444662718597e+00,2.000000000000000042e-03
1.305600000000000094e+00,1.001422453159585668e+00,2.000000000000000042e-03
1.326000000000000068e+00,1.001586694470399941e+00,2.000000000000000042e-03
1.346400000000000041e+00,9.993025498555031527e-01,2.000000000000000042e-03
1.366800000000000015e+00,9.990752964146708548e-01,2.000000000000000042e-03
1.387199999999999989e+00,1.001715951762514267e+00,2.000000000000000042e-03
1.407600000000000184e+00,9.996173913502367503e-01,2.000000000000000042e-03
1.428000000000000158e+00,9.974486273533241798e-01,2.000000000000000042e-03
1.448400000000000132e+00,9.977334255719930711e-01,2.000000000000000042e-03
1.468800000000000106e+00,9.981610954279968029e-01,2.000000000000000042e-03
1.489200000000000079e+00,1.000994321488107630e+00,2.000000000000000042e-03
1.509600000000000053e+00,1.000284851472141190e+00,2.000000000000000042e-03
1.530000000000000027e+00,1.001380970708135587e+00,2.000000000000000042e-03
1.550400000000000222e+00,9.991454947073269421e-01,2.000000000000000042e-03
1.570800000000000196e+00,1.000317079382153418e+00,2.000000000000000042e-03
1.591200000000000170e+00,1.001251180787934736e+00,2.000000000000000042e-03
1.611600000000000144e+00,9.993813069205594868e-01,2.000000000000000042e-03
1.632000000000000117e+00,1.000913550475114766e+00,2.000000000000000042e-03
1.652400000000000091e+00,9.986761481178666466e-01,2.000000000000000042e-03
1.672800000000000065e+00,9.992738923068698043e-01,2.000000000000000042e-03
1.693200000000000038e+00,9.992365242120033741e-01,2.000000000000000042e-03
1.713600000000000012e+00,9.976083207088218829e-01,2.000000000000000042e-03
1.734000000000000208e+00,1.000973944961571105e+00,2.000000000000000042e-03
1.754400000000000182e+00,9.990611953195945860e-01,2.000000000000000042e-03
1.774800000000000155e+00,1.000024988237455448e+00,2.000000000000000042e-03
1.795200000000000129e+00,1.000961493317811923e+00,2.000000000000000042e-03
1.815600000000000103e+00,1.000893062352059992e+00,2.000000000000000042e-03
1.836000000000000076e+00,1.001330770217945476e+00,2.000000000000000042e-03
1.856400000000000050e+00,9.998030290309811718e-01,2.000000000000000042e-03
1.876800000000000246e+00,9.991534033759117417e-01,2.000000000000000042e-03
1.897200000000000220e+00,9.998405635781871803e-01,2.000000000000000042e-03
1.917600000000000193e+00,9.966253311320839581e-01,2.000000000000000042e-03
1.938000000000000167e+00,9.971057750551538534e-01,2.000000000000000042e-03
1.958400000000000141e+00,9.973546007752911446e-01,2.000000000000000042e-03
1.978800000000000114e+00,9.980055063447970110e-01,2.000000000000000042e-03
1.999200000000000088e+00,1.000799548453446874e+00,2.000000000000000042e-03
2.019600000000000062e+00,9.981890418892799266e-01,2.000000000000000042e-03
2.040000000000000036e+00,9.992436748919212297e-01,2.000000000000000042e-03
2.060400000000000009e+00,1.002598456595572118e+00,2.000000000000000042e-03
2.080799999999999983e+00,9.992874720578771575e-01,2.000000000000000042e-03
2.101199999999999957e+00,1.001475031136934257e+00,2.000000000000000042e-03
2.121599999999999930e+00,9.981327646399802411e-01,2.000000000000000042e-03
2.142000000000000348e+00,9.995891248842647681e-01,2.000000000000000042e-03
2.162400000000000322e+00,9.980999558901788582e-01,2.000000000000000042e-03
2.182800000000000296e+00,9.993219338481988956e-01,2.000000000000000042e-03
2.203200000000000269e+00,1.001680616274914781e+00,2.000000000000000042e-03
2.223600000000000243e+00,9.965453591536153066e-01,2.000000000000000042e-03
2.244000000000000217e+00,1.000868847287091690e+00,2.000000000000000042e-03
2.264400000000000190e+00,1.000475471204664624e+00,2.000000000000000042e-03
2.284800000000000164e+00,9.988117000886064245e-01,2.000000000000000042e-03
2.305200000000000138e+00,9.971078842912231011e-01,2.000000000000000042e-03
2.325600000000000112e+00,1.000144259015427695e+00,2.000000000000000042e-03
2.346000000000000085e+00,9.989410145818723441e-01,2.000000000000000042e-03
2.366400000000000059e+00,1.000465352422709397e+00,2.000000000000000042e-03
2.386800000000000033e+00,1.000043704291046831e+00,2.000000000000000042e-03
2.407200000000000006e+00,1.003203557782641919e+00,2.000000000000000042e-03
2.427599999999999980e+00,9.995212887450539707e-01,2.000000000000000042e-03
2.448000000000000398e+00,9.979530050147562559e-01,2.000000000000000042e-03
2.468400000000000372e+00,1.000358551269912688e+00,2.000000000000000042e-03
2.488800000000000345e+00,1.000439993367943536e+00,2.000000000000000042e-03
2.509200000000000319e+00,1.002718375150480901e+00,2.000000000000000042e-03
2.529600000000000293e+00,1.001670222491829243e+00,2.000000000000000042e-03
2.550000000000000266e+00,1.000713742118298999e+00,2.000000000000000042e-03
2.570400000000000240e+00,1.002926605782439085e+00,2.000000000000000042e-03
2.590800000000000214e+00,9.976224738913542778e-01,2.000000000000000042e-03
2.611200000000000188e+00,9.987204969345004901e-01,2.000000000000000042e-03
2.631600000000000161e+00,9.981468481171889007e-01,2.000000000000000042e-03
2.652000000000000135e+00,9.912203803936884272e-01,2.000000000000000042e-03
2.672400000000000109e+00,9.872466277048873584e-01,2.000000000000000042e-03
2.692800000000000082e+00,9.912703018936287469e-01,2.000000000000000042e-03
2.713200000000000056e+00,9.895555546058024676e-01,2.000000000000000042e-03
2.733600000000000030e+00,9.870583874109947198e-01,2.000000000000000042e-03
2.754000000000000004e+00,9.939688418375848267e-01,2.000000000000000042e-03
2.774399999999999977e+00,1.000627027694900306e+00,2.000000000000000042e-03
2.794800000000000395e+00,1.001676253135788786e+00,2.000000000000000042e-03
2.815200000000000369e+00,1.003993461783383667e+00,2.000000000000000042e-03
2.835600000000000342e+00,1.005827724932014666e+00,2.000000000000000042e-03
2.856000000000000316e+00,1.000828818866551950e+00,2.000000000000000042e-03
2.876400000000000290e+00,9.980209237599362293e-01,2.000000000000000042e-03
2.896800000000000264e+00,9.957359074385373487e-01,2.000000000000000042e-03
2.917200000000000237e+00,1.000535422924687667e+00,2.000000000000000042e-03
2.937600000000000211e+00,9.983741178093793467e-01,2.000000000000000042e-03
2.958000000000000185e+00,9.991692854796406786e-01,2.000000000000000042e-03
2.978400000000000158e+00,9.987758064018803505e-01,2.000000000000000042e-03
2.998800000000000132e+00,9.997184182271672270e-01,2.000000000000000042e-03
3.019200000000000106e+00,1.002131960461575266e+00,2.000000000000000042e-03
3.039600000000000080e+00,1.000314097134890723e+00,2.000000000000000042e-03
3.060000000000000053e+00,9.996827303259225861e-01,2.000000000000000042e-03
3.080400000000000027e+00,9.979286924943483461e-01,2.000000000000000042e-03
3.100800000000000445e+00,9.966506341105912936e-01,2.000000000000000042e-03
3.121200000000000419e+00,9.990273841818533285e-01,2.000000000000000042e-03
3.141600000000000392e+00,9.998924348983633248e-01,2.000000000000000042e-03
3.162000000000000366e+00,1.003535859827159760e+00,2.000000000000000042e-03
3.182400000000000340e+00,1.000260549042945701e+00,2.000000000000000042e-03
3.202800000000000313e+00,1.001965479022046024e+00,2.000000000000000042e-03
3.223200000000000287e+00,9.990014088029216532e-01,2.000000000000000042e-03
3.243600000000000261e+00,9.976301124671659304e-01,2.000000000000000042e-03
3.264000000000000234e+00,9.980697664755352472e-01,2.000000000000000042e-03
3.284400000000000208e+00,9.985495478709285333e-01,2.000000000000000042e-03
3.304800000000000182e+00,1.004256939464870380e+00,2.000000000000000042e-03
3.325200000000000156e+00,9.983572266415512431e-01,2.000000000000000042e-03
3.345600000000000129e+00,1.001676978407472607e+00,2.000000000000000042e-03
3.366000000000000103e+00,9.981941456438259141e-01,2.000000000000000042e-03
3.386400000000000077e+00,1.001863146025748552e+00,2.000000000000000042e-03
3.406800000000000050e+00,1.000769901932211825e+00,2.000000000000000042e-03
3.427200000000000024e+00,9.996867242046838520e-01,2.000000000000000042e-03
3.447600000000000442e+00,9.999184749477291190e-01,2.000000000000000042e-03
3.468000000000000416e+00,9.986904246091412585e-01,2.000000000000000042e-03
3.488400000000000389e+00,1.000892144402964146e+00,2.000000000000000042e-03
3.508800000000000363e+00,9.990900330393184259e-01,2.000000000000000042e-03
3.529200000000000337e+00,9.975487884724655308e-01,2.000000000000000042e-03
3.549600000000000311e+00,9.974441248513608027e-01,2.000000000000000042e-03
3.570000000000000284e+00,1.000345175835444245e+00,2.000000000000000042e-03
3.590400000000000258e+00,1.003158182512820851e+00,2.000000000000000042e-03
3.610800000000000232e+00,1.000319983227146770e+00,2.000000000000000042e-03
3.631200000000000205e+00,9.997627233477802688e-01,2.000000000000000042e-03
3.651600000000000179e+00,1.000571652279205193e+00,2.000000000000000042e-03
3.672000000000000153e+00,1.002612003483413616e+00,2.000000000000000042e-03
3.692400000000000126e+00,1.000438765002727770e+00,2.000000000000000042e-03
3.712800000000000100e+00,9.991781455383325072e-01,2.000000000000000042e-03
3.733200000000000074e+00,1.002212577420119821e+00,2.000000000000000042e-03
3.753600000000000492e+00,1.000857512876923261e+00,2.000000000000000042e-03
3.774000000000000465e+00,1.003071511983991915e+00,2.000000000000000042e-03
3.794400000000000439e+00,1.000366468874443804e+00,2.000000000000000042e-03
3.814800000000000413e+00,9.975510619365589582e-01,2.000000000000000042e-03
3.835200000000000387e+00,9.972636816015086891e-01,2.000000000000000042e-03
3.855600000000000360e+00,1.003301855864462411e+00,2.000000000000000042e-03
3.876000000000000334e+00,1.003447331441566615e+00,2.000000000000000042e-03
3.896400000000000308e+00,9.996409615734348497e-01,2.000000000000000042e-03
3.916800000000000281e+00,9.992336253577279725e-01,2.000000000000000042e-03
3.937200000000000255e+00,1.002922888584484307e+00,2.000000000000000042e-03
3.957600000000000229e+00,9.977859086359129881e-01,2.000000000000000042e-03
3.978000000000000203e+00,9.982105459620883581e-01,2.000000000000000042e-03
3.998400000000000176e+00,1.001286653589378073e+00,2.000000000000000042e-03
4.018800000000000594e+00,9.992107897542807926e-01,2.000000000000000042e-03
4.039200000000000124e+00,9.999897562665598372e-01,2.000000000000000042e-03
4.059600000000000541e+00,9.996731142029510186e-01,2.000000000000000042e-03
4.080000000000000071e+00,1.000675149097597805e+00,2.000000000000000042e-03
4.100400000000000489e+00,1.002814963722627351e+00,2.000000000000000042e-03
4.120800000000000018e+00,1.000181169813803450e+00,2.000000000000000042e-03
4.141200000000000436e+00,1.001287877586553687e+00,2.000000000000000042e-03
4.161599999999999966e+00,9.958996557979379327e-01,2.000000000000000042e-03
4.182000000000000384e+00,9.999025631961397931e-01,2.000000000000000042e-03
4.202399999999999913e+00,9.983135394594142564e-01,2.000000000000000042e-03
4.222800000000000331e+00,9.975623738791526973e-01,2.000000000000000042e-03
4.243199999999999861e+00,9.982436952661425389e-01,2.000000000000000042e-03
4.263600000000000279e+00,9.993317531185983427e-01,2.000000000000000042e-03
4.284000000000000696e+00,1.001831805084711924e+00,2.000000000000000042e-03
4.304400000000000226e+00,9.973472145645209119e-01,2.000000000000000042e-03
4.324800000000000644e+00,1.000061262985188826e+00,2.000000000000000042e-03
4.345200000000000173e+00,9.990316611333328600e-01,2.000000000000000042e-03
4.365600000000000591e+00,9.993446538112761290e-01,2.000000000000000042e-03
4.386000000000000121e+00,1.002005515650609135e+00,2.000000000000000042e-03
4.406400000000000539e+00,1.001076230874007766e+00,2.000000000000000042e-03
4.426800000000000068e+00,1.002674796214885422e+00,2.000000000000000042e-03
4.447200000000000486e+00,9.996909886415001889e-01,2.000000000000000042e-03
4.467600000000000016e+00,9.986081147766585620e-01,2.000000000000000042e-03
4.488000000000000433e+00,9.995522823662390532e-01,2.000000000000000042e-03
4.508399999999999963e+00,1.000484993582542392e+00,2.000000000000000042e-03
4.528800000000000381e+00,1.000353146716907338e+00,2.000000000000000042e-03
4.549199999999999910e+00,9.978312238555332447e-01,2.000000000000000042e-03
4.569600000000000328e+00,1.000180979563255690e+00,2.000000000000000042e-03
4.590000000000000746e+00,1.000456456660277826e+00,2.000000000000000042e-03
4.610400000000000276e+00,1.005034948075067769e+00,2.000000000000000042e-03
4.630800000000000693e+00,1.003753689222563361e+00,2.000000000000000042e-03
4.651200000000000223e+00,9.982935132988823845e-01,2.000000000000000042e-03
4.671600000000000641e+00,9.994252332769016922e-01,2.000000000000000042e-03
4.692000000000000171e+00,9.970731159963259760e-01,2.000000000000000042e-03
4.712400000000000588e+00,9.988185859720730697e-01,2.000000000000000042e-03
4.732800000000000118e+00,1.000631210007180583e+00,2.000000000000000042e-03
4.753200000000000536e+00,1.002411707241776417e+00,2.000000000000000042e-03
4.773600000000000065e+00,9.985418323245127681e-01,2.000000000000000042e-03
4.794000000000000483e+00,9.986917071198644358e-01,2.000000000000000042e-03
4.814400000000000013e+00,9.957054219405226947e-01,2.000000000000000042e-03
4.834800000000000431e+00,9.996746681589101513e-01,2.000000000000000042e-03
4.855199999999999960e+00,9.878751711762808752e-01,2.000000000000000042e-03
4.875600000000000378e+00,9.889411211452678874e-01,2.000000000000000042e-03
4.896000000000000796e+00,9.882462784436648606e-01,2.000000000000000042e-03
4.916400000000000325e+00,9.898114748914949024e-01,2.000000000000000042e-03
4.936800000000000743e+00,9.864845432172867357e-01,2.000000000000000042e-03
4.957200000000000273e+00,9.951992428425510129e-01,2.000000000000000042e-03
4.977600000000000691e+00,1.004258494224056664e+00,2.000000000000000042e-03
4.998000000000000220e+00,9.974251548374519771e-01,2.000000000000000042e-03
5.018400000000000638e+00,9.978064288430906759e-01,2.000000000000000042e-03
5.038800000000000168e+00,1.003673827056642542e+00,2.000000000000000042e-03
5.059200000000000585e+00,1.005810134338480877e+00,2.000000000000000042e-03
5.079600000000000115e+00,9.976568667423493242e-01,2.000000000000000042e-03
5.100000000000000533e+00,9.992635020864238937e-01,2.000000000000000042e-03
5.120400000000000063e+00,1.000683111101881018e+00,2.000000000000000042e-03
5.140800000000000480e+00,1.003457395288811282e+00,2.000000000000000042e-03
5.161200000000000010e+00,9.980262858431435680e-01,2.000000000000000042e-03
5.181600000000000428e+00,9.995094443081158353e-01,2.000000000000000042e-03
5.201999999999999957e+00,1.001554675152123597e+00,2.000000000000000042e-03
5.222400000000000375e+00,1.000869532148933150e+00,2.000000000000000042e-03
5.242800000000000793e+00,9.992476878575398125e-01,2.000000000000000042e-03
5.263200000000000323e+00,9.997323540709679435e-01,2.000000000000000042e-03
5.283600000000000740e+00,9.972502083832600617e-01,2.000000000000000042e-03
5.304000000000000270e+00,9.995236525120506643e-01,2.000000000000000042e-03
5.324400000000000688e+00,9.994672250199820862e-01,2.000000000000000042e-03
5.344800000000000217e+00,1.000464339779252532e+00,2.000000000000000042e-03
5.365200000000000635e+00,9.988893455623619744e-01,2.000000000000000042e-03
5.385600000000000165e+00,1.000943077045090224e+00,2.000000000000000042e-03
5.406000000000000583e+00,1.002025431635639618e+00,2.000000000000000042e-03
5.426400000000000112e+00,1.000310858655336865e+00,2.000000000000000042e-03
5.446800000000000530e+00,1.000703512816798479e+00,2.000000000000000042e-03
5.467200000000000060e+00,1.000106310695155765e+00,2.000000000000000042e-03
5.487600000000000477e+00,1.000000168786182808e+00,2.000000000000000042e-03
5.508000000000000007e+00,9.985568839329143076e-01,2.000000000000000042e-03
5.528400000000000425e+00,1.000632988523346700e+00,2.000000000000000042e-03
5.548799999999999955e+00,9.998054268031729697e-01,2.000000000000000042e-03
5.569200000000000372e+00,1.004186336617861164e+00,2.000000000000000042e-03
5.589600000000000790e+00,1.003146709804950465e+00,2.000000000000000042e-03
5.610000000000000320e+00,1.000771693105112936e+00,2.000000000000000042e-03
5.630400000000000738e+00,9.984738855806104540e-01,2.000000000000000042e-03
5.650800000000000267e+00,9.977751770560331357e-01,2.000000000000000042e-03
5.671200000000000685e+00,1.002382285906177728e+00,2.000000000000000042e-03
5.691600000000000215e+00,1.000525498450294259e+00,2.000000000000000042e-03
5.712000000000000632e+00,1.000960286806783284e+00,2.000000000000000042e-03
5.732400000000000162e+00,9.965108280260516205e-01,2.000000000000000042e-03
5.752800000000000580e+00,1.001854876963116370e+00,2.000000000000000042e-03
5.773200000000000109e+00,1.000908840676428824e+00,2.000000000000000042e-03
5.793600000000000527e+00,9.977791386311710697e-01,2.000000000000000042e-03
5.814000000000000057e+00,9.990569503851001176e-01,2.000000000000000042e-03
5.834400000000000475e+00,1.000527434408712946e+00,2.000000000000000042e-03
5.854800000000000004e+00,1.000104933596712486e+00,2.000000000000000042e-03
5.875200000000000422e+00,9.994156576283929061e-01,2.000000000000000042e-03
5.895600000000000840e+00,9.997930234638681135e-01,2.000000000000000042e-03
5.916000000000000369e+00,9.994960452435862619e-01,2.000000000000000042e-03
5.936400000000000787e+00,1.000305125024204989e+00,2.000000000000000042e-03
5.956800000000000317e+00,1.002942983945986244e+00,2.000000000000000042e-03
5.977200000000000735e+00,9.948666831181374182e-01,2.000000000000000042e-03
5.997600000000000264e+00,9.995262994709805948e-01,2.000000000000000042e-03
6.018000000000000682e+00,1.000353024842744798e+00,2.000000000000000042e-03
6.038400000000000212e+00,1.000591987979374098e+00,2.000000000000000042e-03
6.058800000000000630e+00,9.992561708373574048e-01,2.000000000000000042e-03
6.079200000000000159e+00,9.964865564350428029e-01,2.000000000000000042e-03
6.099600000000000577e+00,1.000655990967428188e+00,2.000000000000000042e-03
6.120000000000000107e+00,1.003454700428328294e+00,2.000000000000000042e-03
6.140400000000000524e+00,9.969322771901677482e-01,2.000000000000000042e-03
6.160800000000000054e+00,1.001727656027396440e+00,2.000000000000000042e-03
6.181200000000000472e+00,9.993429495537542451e-01,2.000000000000000042e-03
6.201600000000000890e+00,9.998773513083423214e-01,2.000000000000000042e-03
6.222000000000000419e+00,9.978942029785921042e-01,2.000000000000000042e-03
6.242400000000000837e+00,9.993310876552882194e-01,2.000000000000000042e-03
6.262800000000000367e+00,1.002600089189398025e+00,2.000000000000000042e-03
6.283200000000000784e+00,1.001165310483975501e+00,2.000000000000000042e-03
6.303600000000000314e+00,1.003464623210819973e+00,2.000000000000000042e-03
6.324000000000000732e+00,1.002354823777955373e+00,2.000000000000000042e-03
6.344400000000000261e+00,1.000878173357859113e+00,2.000000000000000042e-03
6.364800000000000679e+00,1.003487869052335668e+00,2.000000000000000042e-03
6.385200000000000209e+00,1.000877986317476598e+00,2.000000000000000042e-03
6.405600000000000627e+00,1.001655976353594157e+00,2.000000000000000042e-03
6.426000000000000156e+00,9.994068580929306167e-01,2.000000000000000042e-03
6.446400000000000574e+00,1.000133091631718374e+00,2.000000000000000042e-03
6.466800000000000104e+00,9.986051523533994168e-01,2.000000000000000042e-03
6.487200000000000522e+00,1.001979167869189613e+00,2.000000000000000042e-03
6.507600000000000051e+00,9.976433927537702306e-01,2.000000000000000042e-03
6.528000000000000469e+00,1.001564700684835385e+00,2.000000000000000042e-03
6.548400000000000887e+00,9.996186978849896931e-01,2.000000000000000042e-03
6.568800000000000416e+00,1.002342494186934552e+00,2.000000000000000042e-03
6.589200000000000834e+00,1.001501737977462447e+00,2.000000000000000042e-03
6.609600000000000364e+00,1.003641292315293532e+00,2.000000000000000042e-03
6.630000000000000782e+00,1.001461549382277383e+00,2.000000000000000042e-03
6.650400000000000311e+00,9.968559194886935648e-01,2.000000000000000042e-03
6.670800000000000729e+00,9.998660936542036470e-01,2.000000000000000042e-03
6.691200000000000259e+00,9.976559856148103922e-01,2.000000000000000042e-03
6.711600000000000676e+00,9.989634403152674036e-01,2.000000000000000042e-03
6.732000000000000206e+00,1.003022456866553336e+00,2.000000000000000042e-03
6.752400000000000624e+00,1.001275067621795412e+00,2.000000000000000042e-03
6.772800000000000153e+00,9.986021391428424598e-01,2.000000000000000042e-03
6.793200000000000571e+00,9.979725652671191938e-01,2.000000000000000042e-03
6.813600000000000101e+00,1.000065564185752542e+00,2.000000000000000042e-03
6.834000000000000519e+00,9.975668797012376965e-01,2.000000000000000042e-03
6.854400000000000048e+00,9.986577194452068706e-01,2.000000000000000042e-03
6.874800000000000466e+00,1.000624018943102378e+00,2.000000000000000042e-03
6.895200000000000884e+00,1.002310624072213496e+00,2.000000000000000042e-03
6.915600000000000414e+00,1.001217522944448879e+00,2.000000000000000042e-03
6.936000000000000831e+00,9.954174209828038355e-01,2.000000000000000042e-03
6.956400000000000361e+00,1.000608733458060451e+00,2.000000000000000042e-03
6.976800000000000779e+00,1.000144067146465199e+00,2.000000000000000042e-03
6.997200000000000308e+00,1.000827780570745285e+00,2.000000000000000042e-03
7.017600000000000726e+00,1.003232419363302430e+00,2.000000000000000042e-03
7.038000000000000256e+00,9.958735234463904629e-01,2.000000000000000042e-03
7.058400000000000674e+00,9.888177931496178186e-01,2.000000000000000042e-03
7.078800000000000203e+00,9.911818126455866906e-01,2.000000000000000042e-03
7.099200000000000621e+00,9.868368112010921234e-01,2.000000000000000042e-03
7.119600000000000151e+00,9.929518980961069552e-01,2.000000000000000042e-03
7.140000000000000568e+00,9.907367132254013553e-01,2.000000000000000042e-03
7.160400000000000098e+00,1.001693167971686727e+00,2.000000000000000042e-03
7.180800000000000516e+00,9.988581126769564555e-01,2.000000000000000042e-03
7.201200000000000934e+00,1.001627527379932436e+00,2.000000000000000042e-03
7.221600000000000463e+00,1.002136943111977985e+00,2.000000000000000042e-03
7.242000000000000881e+00,1.000465756040274323e+00,2.000000000000000042e-03
7.262400000000000411e+00,1.000468801785397321e+00,2.000000000000000042e-03
7.282800000000000828e+00,1.000540686478563535e+00,2.000000000000000042e-03
7.303200000000000358e+00,9.982733094705212862e-01,2.000000000000000042e-03
7.323600000000000776e+00,9.997049426395192562e-01,2.000000000000000042e-03
7.344000000000000306e+00,9.996949549350953035e-01,2.000000000000000042e-03
7.364400000000000723e+00,1.000766787728706975e+00,2.000000000000000042e-03
7.384800000000000253e+00,1.001999648493820505e+00,2.000000000000000042e-03
7.405200000000000671e+00,9.978829278360431543e-01,2.000000000000000042e-03
7.425600000000000200e+00,9.997499819393608211e-01,2.000000000000000042e-03
7.446000000000000618e+00,1.002962911095317988e+00,2.000000000000000042e-03
7.466400000000000148e+00,9.985128235423749166e-01,2.000000000000000042e-03
7.486800000000000566e+00,9.983554999654193907e-01,2.000000000000000042e-03
7.507200000000000983e+00,1.000404612383662295e+00,2.000000000000000042e-03
7.527600000000000513e+00,1.001688770380970706e+00,2.000000000000000042e-03
7.548000000000000931e+00,1.000022852111121408e+00,2.000000000000000042e-03
7.568400000000000460e+00,1.002657921180873934e+00,2.000000000000000042e-03
7.588800000000000878e+00,1.001713587965133101e+00,2.000000000000000042e-03
7.609200000000000408e+00,1.001683640133780084e+00,2.000000000000000042e-03
7.629600000000000826e+00,1.001108233002648173e+00,2.000000000000000042e-03
7.650000000000000355e+00,1.004655306200692211e+00,2.000000000000000042e-03
7.670400000000000773e+00,9.995896766222679419e-01,2.000000000000000042e-03
7.690800000000000303e+00,9.959929554158669651e-01,2.000000000000000042e-03
7.711200000000000720e+00,1.003208508723034242e+00,2.000000000000000042e-03
7.731600000000000250e+00,9.990846011380863922e-01,2.000000000000000042e-03
7.752000000000000668e+00,1.000215760888686134e+00,2.000000000000000042e-03
7.772400000000000198e+00,1.002619101369720989e+00,2.000000000000000042e-03
7.792800000000000615e+00,9.967954809178821707e-01,2.000000000000000042e-03
7.813200000000000145e+00,9.974967055717877118e-01,2.000000000000000042e-03
7.833600000000000563e+00,9.967974441257623219e-01,2.000000000000000042e-03
7.854000000000000981e+00,9.984117274199491021e-01,2.000000000000000042e-03
7.874400000000000510e+00,1.000879273212033960e+00,2.000000000000000042e-03
7.894800000000000928e+00,1.001048375685625436e+00,2.000000000000000042e-03
7.915200000000000458e+00,1.000552548358657035e+00,2.000000000000000042e-03
7.935600000000000875e+00,9.971744682322152276e-01,2.000000000000000042e-03
7.956000000000000405e+00,9.953797931267347465e-01,2.000000000000000042e-03
7.976400000000000823e+00,1.000108707170780820e+00,2.000000000000000042e-03
7.996800000000000352e+00,9.990564479327233016e-01,2.000000000000000042e-03
8.017200000000000770e+00,1.000918771543433117e+00,2.000000000000000042e-03
8.037600000000001188e+00,1.001403907252442549e+00,2.000000000000000042e-03
8.057999999999999829e+00,1.000276482864117300e+00,2.000000000000000042e-03
8.078400000000000247e+00,1.001520266170751627e+00,2.000000000000000042e-03
8.098800000000000665e+00,1.000458422748230047e+00,2.000000000000000042e-03
8.119200000000001083e+00,1.001060129411202926e+00,2.000000000000000042e-03
8.139599999999999724e+00,9.985906534742602370e-01,2.000000000000000042e-03
8.160000000000000142e+00,9.996407771723371249e-01,2.000000000000000042e-03
8.180400000000000560e+00,1.000393552193313829e+00,2.000000000000000042e-03
8.200800000000000978e+00,1.001641056950834940e+00,2.000000000000000042e-03
8.221200000000001396e+00,9.992125176555508581e-01,2.000000000000000042e-03
8.241600000000000037e+00,1.001042334511464293e+00,2.000000000000000042e-03
8.262000000000000455e+00,9.994683224161692303e-01,2.000000000000000042e-03
8.282400000000000873e+00,9.997649156653437563e-01,2.000000000000000042e-03
8.302800000000001290e+00,1.001659038084048214e+00,2.000000000000000042e-03
8.323199999999999932e+00,9.960138792578916433e-01,2.000000000000000042e-03
8.343600000000000350e+00,9.974070553438504350e-01,2.000000000000000042e-03
8.364000000000000767e+00,9.970356292051143487e-01,2.000000000000000042e-03
8.384400000000001185e+00,9.953327677603034385e-01,2.000000000000000042e-03
8.404799999999999827e+00,9.986434711196896519e-01,2.000000000000000042e-03
8.425200000000000244e+00,1.001498867799455406e+00,2.000000000000000042e-03
8.445600000000000662e+00,9.994302318672348973e-01,2.000000000000000042e-03
8.466000000000001080e+00,1.000395580163883746e+00,2.000000000000000042e-03
8.486399999999999721e+00,1.002178434993421519e+00,2.000000000000000042e-03
8.506800000000000139e+00,1.002655372264535494e+00,2.000000000000000042e-03
8.527200000000000557e+00,9.998617241305477465e-01,2.000000000000000042e-03
8.547600000000000975e+00,1.002707171779138706e+00,2.000000000000000042e-03
8.568000000000001393e+00,1.000184253316868110e+00,2.000000000000000042e-03
8.588400000000000034e+00,9.983252035523451084e-01,2.000000000000000042e-03
8.608800000000000452e+00,9.988111992956025809e-01,2.000000000000000042e-03
8.629200000000000870e+00,9.970389269748699546e-01,2.000000000000000042e-03
8.649600000000001288e+00,9.982237322925326950e-01,2.000000000000000042e-03
8.669999999999999929e+00,9.992839666238511054e-01,2.000000000000000042e-03
8.690400000000000347e+00,1.001607170038757211e+00,2.000000000000000042e-03
8.710800000000000765e+00,1.003441539662331961e+00,2.000000000000000042e-03
8.731200000000001182e+00,9.972356369692458866e-01,2.000000000000000042e-03
8.751599999999999824e+00,1.000785654936519942e+00,2.000000000000000042e-03
8.772000000000000242e+00,9.979189121216849312e-01,2.000000000000000042e-03
8.792400000000000659e+00,1.000949394176926299e+00,2.000000000000000042e-03
8.812800000000001077e+00,9.997378266986245432e-01,2.000000000000000042e-03
8.833200000000001495e+00,9.963381883483048984e-01,2.000000000000000042e-03
8.853600000000000136e+00,1.001856593983136978e+00,2.000000000000000042e-03
8.874000000000000554e+00,9.987899985743825537e-01,2.000000000000000042e-03
8.894400000000000972e+00,9.989321995232528506e-01,2.000000000000000042e-03
8.914800000000001390e+00,9.978604951774205922e-01,2.000000000000000042e-03
8.935200000000000031e+00,9.986914334466249210e-01,2.000000000000000042e-03
8.955600000000000449e+00,1.000855780881389823e+00,2.000000000000000042e-03
8.976000000000000867e+00,9.996215113181271539e-01,2.000000000000000042e-03
8.996400000000001285e+00,1.000657324004564863e+00,2.000000000000000042e-03
9.016799999999999926e+00,1.000723843707857608e+00,2.000000000000000042e-03
9.037200000000000344e+00,1.002641323311056265e+00,2.000000000000000042e-03
9.057600000000000762e+00,9.993144276982712793e-01,2.000000000000000042e-03
9.078000000000001180e+00,9.970462843663084884e-01,2.000000000000000042e-03
9.098399999999999821e+00,1.002134444833143956e+00,2.000000000000000042e-03
9.118800000000000239e+00,9.993370236558054565e-01,2.000000000000000042e-03
9.139200000000000657e+00,1.002229184889154689e+00,2.000000000000000042e-03
9.159600000000001074e+00,1.000766754226364963e+00,2.000000000000000042e-03
9.180000000000001492e+00,9.997377249395933418e-01,2.000000000000000042e-03
9.200400000000000134e+00,1.000697551788092499e+00,2.000000000000000042e-03
9.220800000000000551e+00,1.003902025120252617e+00,2.000000000000000042e-03
9.241200000000000969e+00,1.003353961058107702e+00,2.000000000000000042e-03
9.261600000000001387e+00,9.901387622702655378e-01,2.000000000000000042e-03
9.282000000000000028e+00,9.903203811866341244e-01,2.000000000000000042e-03
9.302400000000000446e+00,9.921524803149327498e-01,2.000000000000000042e-03
9.322800000000000864e+00,9.883086779344653072e-01,2.000000000000000042e-03
9.343200000000001282e+00,9.906661407452365120e-01,2.000000000000000042e-03
9.363599999999999923e+00,9.999482743040922772e-01,2.000000000000000042e-03
9.384000000000000341e+00,1.000627816422915206e+00,2.000000000000000042e-03
9.404400000000000759e+00,9.983332623881011614e-01,2.000000000000000042e-03
9.424800000000001177e+00,9.968208650133820736e-01,2.000000000000000042e-03
9.445199999999999818e+00,9.958540331280174573e-01,2.000000000000000042e-03
9.465600000000000236e+00,9.977652317740207666e-01,2.000000000000000042e-03
9.486000000000000654e+00,9.990826494301213723e-01,2.000000000000000042e-03
9.506400000000001071e+00,9.994136168267024889e-01,2.000000000000000042e-03
9.526800000000001489e+00,1.003874462324858996e+00,2.000000000000000042e-03
9.547200000000000131e+00,1.002211986739814487e+00,2.000000000000000042e-03
9.567600000000000549e+00,9.980758177673167975e-01,2.000000000000000042e-03
9.588000000000000966e+00,1.000695416904901824e+00,2.000000000000000042e-03
9.608400000000001384e+00,9.991858435272993333e-01,2.000000000000000042e-03
9.628800000000000026e+00,9.994312723239198171e-01,2.000000000000000042e-03
9.649200000000000443e+00,1.000370651298830849e+00,2.000000000000000042e-03
9.669600000000000861e+00,1.001238342233950807e+00,2.000000000000000042e-03
9.690000000000001279e+00,9.993214830322320053e-01,2.000000000000000042e-03
9.710399999999999920e+00,1.002127703065468722e+00,2.000000000000000042e-03
9.730800000000000338e+00,9.977161235477152168e-01,2.000000000000000042e-03
9.751200000000000756e+00,1.000012678124724497e+00,2.000000000000000042e-03
9.771600000000001174e+00,1.005195347453191612e+00,2.000000000000000042e-03
9.792000000000001592e+00,1.000446159485250508e+00,2.000000000000000042e-03
9.812400000000000233e+00,1.002866429013212324e+00,2.000000000000000042e-03
9.832800000000000651e+00,1.000183040356346309e+00,2.000000000000000042e-03
9.853200000000001069e+00,1.001161554190659553e+00,2.000000000000000042e-03
9.873600000000001486e+00,9.998864336112146534e-01,2.000000000000000042e-03
9.894000000000000128e+00,9.996591848376715772e-01,2.000000000000000042e-03
9.914400000000000546e+00,9.984410352065491434e-01,2.000000000000000042e-03
9.934800000000000963e+00,1.000860602717915215e+00,2.000000000000000042e-03
9.955200000000001381e+00,9.982969256216284171e-01,2.000000000000000042e-03
9.975600000000000023e+00,1.001331170472626875e+00,2.000000000000000042e-03
9.996000000000000441e+00,1.002170574008891757e+00,2.000000000000000042e-03
1.001640000000000086e+01,1.000733062814474383e+00,2.000000000000000042e-03
1.003680000000000128e+01,9.994275025328885897e-01,2.000000000000000042e-03
1.005719999999999992e+01,1.000907931158617314e+00,2.000000000000000042e-03
1.007760000000000034e+01,9.993826538889071243e-01,2.000000000000000042e-03
1.009800000000000075e+01,1.001871094250930350e+00,2.000000000000000042e-03
1.011840000000000117e+01,9.963371878315697705e-01,2.000000000000000042e-03
1.013880000000000159e+01,9.993287852637626756e-01,2.000000000000000042e-03
1.015920000000000023e+01,9.960183760097519601e-01,2.000000000000000042e-03
1.017960000000000065e+01,9.970098783395455744e-01,2.000000000000000042e-03
1.020000000000000107e+01,1.002727724459627767e+00,2.000000000000000042e-03
1.022040000000000148e+01,1.001790369963943439e+00,2.000000000000000042e-03
1.024080000000000013e+01,9.985610395334304501e-01,2.000000000000000042e-03
1.026120000000000054e+01,9.969949930879181688e-01,2.000000000000000042e-03
1.028160000000000096e+01,9.940709423243166976e-01,2.000000000000000042e-03
1.030200000000000138e+01,9.989130089841347093e-01,2.000000000000000042e-03
1.032240000000000002e+01,1.004840830024494869e+00,2.000000000000000042e-03
1.034280000000000044e+01,1.000869768542927307e+00,2.000000000000000042e-03
1.036320000000000086e+01,9.988808554279010599e-01,2.000000000000000042e-03
1.038360000000000127e+01,1.000930160419000625e+00,2.000000000000000042e-03
1.040399999999999991e+01,9.968780832940110637e-01,2.000000000000000042e-03
1.042440000000000033e+01,9.994053532746047797e-01,2.000000000000000042e-03
1.044480000000000075e+01,1.000198954946031504e+00,2.000000000000000042e-03
1.046520000000000117e+01,9.998277986963578501e-01,2.000000000000000042e-03
1.048560000000000159e+01,1.001581612243380270e+00,2.000000000000000042e-03
1.050600000000000023e+01,1.000689290452472013e+00,2.000000000000000042e-03
1.052640000000000065e+01,1.001336652036215913e+00,2.000000000000000042e-03
1.054680000000000106e+01,9.986232554355384261e-01,2.000000000000000042e-03
1.056720000000000148e+01,1.001795630816820992e+00,2.000000000000000042e-03
1.058760000000000012e+01,1.003257873895248009e+00,2.000000000000000042e-03
1.060800000000000054e+01,9.980597009606971826e-01,2.000000000000000042e-03
1.062840000000000096e+01,9.982246086885708802e-01,2.000000000000000042e-03
1.064880000000000138e+01,1.002671568672640401e+00,2.000000000000000042e-03
1.066920000000000002e+01,9.996173120266098611e-01,2.000000000000000042e-03
1.068960000000000043e+01,1.002807642784133035e+00,2.000000000000000042e-03
1.071000000000000085e+01,9.991149285762156440e-01,2.000000000000000042e-03
1.073040000000000127e+01,1.002910091152541483e+00,2.000000000000000042e-03
1.075079999999999991e+01,1.000262971633610887e+00,2.000000000000000042e-03
1.077120000000000033e+01,1.000516457646645430e+00,2.000000000000000042e-03
1.079160000000000075e+01,1.003129436043339817e+00,2.000000000000000042e-03
1.081200000000000117e+01,9.992764590451116424e-01,2.000000000000000042e-03
1.083240000000000158e+01,9.981177558081500978e-01,2.000000000000000042e-03
1.085280000000000022e+01,9.991028715839432861e-01,2.000000000000000042e-03
1.087320000000000064e+01,1.000904667901286293e+00,2.000000000000000042e-03
1.089360000000000106e+01,9.968684818556389216e-01,2.000000000000000042e-03
1.091400000000000148e+01,1.001274941805302188e+00,2.000000000000000042e-03
1.093440000000000012e+01,9.989224573647644823e-01,2.000000000000000042e-03
1.095480000000000054e+01,1.002295625321467210e+00,2.000000000000000042e-03
1.097520000000000095e+01,9.952114793901990497e-01,2.000000000000000042e-03
1.099560000000000137e+01,9.984268684497916713e-01,2.000000000000000042e-03
1.101600000000000001e+01,9.966270636975318453e-01,2.000000000000000042e-03
1.103640000000000043e+01,9.983475410672720818e-01,2.000000000000000042e-03
1.105680000000000085e+01,1.000495331802217835e+00,2.000000000000000042e-03
1.107720000000000127e+01,9.996415467491004403e-01,2.000000000000000042e-03
1.109759999999999991e+01,9.994932448621040022e-01,2.000000000000000042e-03
1.111800000000000033e+01,9.996816302572398838e-01,2.000000000000000042e-03
1.113840000000000074e+01,1.000406776481239879e+00,2.000000000000000042e-03
1.115880000000000116e+01,9.979829279161137601e-01,2.000000000000000042e-03
1.117920000000000158e+01,1.001413699281798131e+00,2.000000000000000042e-03
1.119960000000000022e+01,1.001325331940770891e+00,2.000000000000000042e-03
1.122000000000000064e+01,1.000770075875312193e+00,2.000000000000000042e-03
1.124040000000000106e+01,1.001113066885502612e+00,2.000000000000000042e-03
1.126080000000000148e+01,1.000592836001617414e+00,2.000000000000000042e-03
1.128120000000000012e+01,1.004070146605462233e+00,2.000000000000000042e-03
1.130160000000000053e+01,9.998258116578949695e-01,2.000000000000000042e-03
1.132200000000000095e+01,9.993858335633308831e-01,2.000000000000000042e-03
1.134240000000000137e+01,9.984929448392851903e-01,2.000000000000000042e-03
1.136280000000000001e+01,9.979354746588443570e-01,2.000000000000000042e-03
1.138320000000000043e+01,9.975110564247978706e-01,2.000000000000000042e-03
1.140360000000000085e+01,9.982224053735381242e-01,2.000000000000000042e-03
1.142400000000000126e+01,9.998586392366958231e-01,2.000000000000000042e-03
1.144440000000000168e+01,9.977352569236618285e-01,2.000000000000000042e-03
1.146480000000000032e+01,9.901022841171043254e-01,2.000000000000000042e-03
1.148520000000000074e+01,9.884689294451405317e-01,2.000000000000000042e-03
1.150560000000000116e+01,9.918003691280399270e-01,2.000000000000000042e-03
1.152600000000000158e+01,9.914788253446018551e-01,2.000000000000000042e-03
1.154640000000000022e+01,9.906140367184884665e-01,2.000000000000000042e-03
1.156680000000000064e+01,9.986941677106705439e-01,2.000000000000000042e-03
1.158720000000000105e+01,1.001096855841659528e+00,2.000000000000000042e-03
1.160760000000000147e+01,1.000375947174972247e+00,2.000000000000000042e-03
1.162800000000000011e+01,9.971037454811698675e-01,2.000000000000000042e-03
1.164840000000000053e+01,9.998640394880311533e-01,2.000000000000000042e-03
1.166880000000000095e+01,1.000524071624148803e+00,2.000000000000000042e-03
1.168920000000000137e+01,9.982006104270244595e-01,2.000000000000000042e-03
1.170960000000000001e+01,1.000379686785674904e+00,2.000000000000000042e-03
1.173000000000000043e+01,9.970903550294843987e-01,2.000000000000000042e-03
1.175040000000000084e+01,1.002672372200024364e+00,2.000000000000000042e-03
1.177080000000000126e+01,1.002495899970118787e+00,2.000000000000000042e-03
1.179120000000000168e+01,9.994949653313940363e-01,2.000000000000000042e-03
1.181160000000000032e+01,1.000726908675678040e+00,2.000000000000000042e-03
1.183200000000000074e+01,9.951801560684002679e-01,2.000000000000000042e-03
1.185240000000000116e+01,9.976873046794693112e-01,2.000000000000000042e-03
1.187280000000000157e+01,9.994124421596957131e-01,2.000000000000000042e-03
1.189320000000000022e+01,9.978557339571463292e-01,2.000000000000000042e-03
1.191360000000000063e+01,1.001428792965261216e+00,2.000000000000000042e-03
1.193400000000000105e+01,1.003994593061495966e+00,2.000000000000000042e-03
1.195440000000000147e+01,9.976467705611413717e-01,2.000000000000000042e-03
1.197480000000000011e+01,9.983250731918296150e-01,2.000000000000000042e-03
1.199520000000000053e+01,1.000470896736619819e+00,2.000000000000000042e-03
1.201560000000000095e+01,1.003222232296999250e+00,2.000000000000000042e-03
1.203600000000000136e+01,9.975552513749201822e-01,2.000000000000000042e-03
1.205640000000000001e+01,1.000498072244613956e+00,2.000000000000000042e-03
1.207680000000000042e+01,1.003642597701626116e+00,2.000000000000000042e-03
1.209720000000000084e+01,9.966964817036414459e-01,2.000000000000000042e-03
1.211760000000000126e+01,9.974378615863083164e-01,2.000000000000000042e-03
1.213800000000000168e+01,9.991527867870783064e-01,2.000000000000000042e-03
1.215840000000000032e+01,9.989588231742891900e-01,2.000000000000000042e-03
1.217880000000000074e+01,1.001625202575507245e+00,2.000000000000000042e-03
1.219920000000000115e+01,1.000483319439641638e+00,2.000000000000000042e-03
1.221960000000000157e+01,9.964500758807157688e-01,2.000000000000000042e-03
1.224000000000000021e+01,1.001030820805801635e+00,2.000000000000000042e-03
1.226040000000000063e+01,9.988449222252886450e-01,2.000000000000000042e-03
1.228080000000000105e+01,1.002548894433882509e+00,2.000000000000000042e-03
1.230120000000000147e+01,9.987448249271261291e-01,2.000000000000000042e-03
1.232160000000000011e+01,9.987267694337955692e-01,2.000000000000000042e-03
1.234200000000000053e+01,1.001082263221608981e+00,2.000000000000000042e-03
1.236240000000000094e+01,1.001525852964673780e+00,2.000000000000000042e-03
1.238280000000000136e+01,1.000896198727872388e+00,2.000000000000000042e-03
1.240320000000000178e+01,9.966288053652303525e-01,2.000000000000000042e-03
1.242360000000000042e+01,1.001076068879856562e+00,2.000000000000000042e-03
1.244400000000000084e+01,9.979313838966511474e-01,2.000000000000000042e-03
1.246440000000000126e+01,1.000470552223176490e+00,2.000000000000000042e-03
1.248480000000000167e+01,9.971525311292018801e-01,2.000000000000000042e-03
1.250520000000000032e+01,1.000892644295086065e+00,2.000000000000000042e-03
1.252560000000000073e+01,9.983868021913852031e-01,2.000000000000000042e-03
1.254600000000000115e+01,9.974347306994789664e-01,2.000000000000000042e-03
1.256640000000000157e+01,1.001427640272964714e+00,2.000000000000000042e-03
1.258680000000000021e+01,1.000483289043353485e+00,2.000000000000000042e-03
1.260720000000000063e+01,9.987720463972141749e-01,2.000000000000000042e-03
1.262760000000000105e+01,1.002902357698042035e+00,2.000000000000000042e-03
1.264800000000000146e+01,9.991186951568604702e-01,2.000000000000000042e-03
1.266840000000000011e+01,1.000064215347941765e+00,2.000000000000000042e-03
1.268880000000000052e+01,1.000537826895357307e+00,2.000000000000000042e-03
1.270920000000000094e+01,9.987606681317428015e-01,2.000000000000000042e-03
1.272960000000000136e+01,1.000942272586799797e+00,2.000000000000000042e-03
1.275000000000000178e+01,9.989330953056705376e-01,2.000000000000000042e-03
1.277040000000000042e+01,9.991767233555676198e-01,2.000000000000000042e-03
1.279080000000000084e+01,1.002725285279606693e+00,2.000000000000000042e-03
1.281120000000000125e+01,9.979188278949751023e-01,2.000000000000000042e-03
1.283160000000000167e+01,9.951744393381409814e-01,2.000000000000000042e-03
1.285200000000000031e+01,1.003221873990023827e+00,2.000000000000000042e-03
1.287240000000000073e+01,1.005098655905213967e+00,2.000000000000000042e-03
1.289280000000000115e+01,9.991894614691013699e-01,2.000000000000000042e-03
1.291320000000000157e+01,9.961263239187596596e-01,2.000000000000000042e-03
1.293360000000000021e+01,9.993790320476081401e-01,2.000000000000000042e-03
1.295400000000000063e+01,9.994275541003186936e-01,2.000000000000000042e-03
1.297440000000000104e+01,9.996201523179555348e-01,2.000000000000000042e-03
1.299480000000000146e+01,9.977732239161563044e-01,2.000000000000000042e-03
1.301520000000000010e+01,1.001159122284952963e+00,2.000000000000000042e-03
1.303560000000000052e+01,1.001049014750572175e+00,2.000000000000000042e-03
1.305600000000000094e+01,9.970111887603614331e-01,2.000000000000000042e-03
1.307640000000000136e+01,1.001398393463389880e+00,2.000000000000000042e-03
1.309680000000000177e+01,1.004105369963891770e+00,2.000000000000000042e-03
1.311720000000000041e+01,1.000343920664874098e+00,2.000000000000000042e-03
1.313760000000000083e+01,9.993253496758629506e-01,2.000000000000000042e-03
1.315800000000000125e+01,9.997159935711849021e-01,2.000000000000000042e-03
1.317840000000000167e+01,1.001230513533937216e+00,2.000000000000000042e-03
1.319880000000000031e+01,9.965386567889855662e-01,2.000000000000000042e-03
1.321920000000000073e+01,1.000328781405954715e+00,2.000000000000000042e-03
1.323960000000000115e+01,9.992190721010744126e-01,2.000000000000000042e-03
1.326000000000000156e+01,1.003695650025911990e+00,2.000000000000000042e-03
1.328040000000000020e+01,9.996516545323901326e-01,2.000000000000000042e-03
1.330080000000000062e+01,1.003335775222238935e+00,2.000000000000000042e-03
1.332120000000000104e+01,9.977925186044359629e-01,2.000000000000000042e-03
1.334160000000000146e+01,1.001174518333605601e+00,2.000000000000000042e-03
1.336200000000000010e+01,1.000638800527582362e+00,2.000000000000000042e-03
1.338240000000000052e+01,9.982619055042704082e-01,2.000000000000000042e-03
1.340280000000000094e+01,1.000354792229273926e+00,2.000000000000000042e-03
1.342320000000000135e+01,1.002425037673663200e+00,2.000000000000000042e-03
1.344360000000000177e+01,9.993524165914268176e-01,2.000000000000000042e-03
1.346400000000000041e+01,9.966160747016604704e-01,2.000000000000000042e-03
1.348440000000000083e+01,9.999648743470450629e-01,2.000000000000000042e-03
1.350480000000000125e+01,9.981951538104150146e-01,2.000000000000000042e-03
1.352520000000000167e+01,9.993153181226722692e-01,2.000000000000000042e-03
1.354560000000000031e+01,9.998368244606297139e-01,2.000000000000000042e-03
1.356600000000000072e+01,9.965886955679689185e-01,2.000000000000000042e-03
1.358640000000000114e+01,9.967686833213585951e-01,2.000000000000000042e-03
1.360680000000000156e+01,1.000964133671051082e+00,2.000000000000000042e-03
1.362720000000000020e+01,9.989545626076606899e-01,2.000000000000000042e-03
1.364760000000000062e+01,9.898038446496927323e-01,2.000000000000000042e-03
1.366800000000000104e+01,9.915696880732162155e-01,2.000000000000000042e-03
1.368840000000000146e+01,9.905447395105484443e-01,2.000000000000000042e-03
1.370880000000000010e+01,9.885722503519269733e-01,2.000000000000000042e-03
1.372920000000000051e+01,9.873663395778835561e-01,2.000000000000000042e-03
1.374960000000000093e+01,9.947382824592949646e-01,2.000000000000000042e-03
1.377000000000000135e+01,1.000698701245120947e+00,2.000000000000000042e-03
1.379040000000000177e+01,1.004765204565368109e+00,2.000000000000000042e-03
1.381080000000000041e+01,1.000840377197449893e+00,2.000000000000000042e-03
1.383120000000000083e+01,1.000775406282524038e+00,2.000000000000000042e-03
1.385160000000000124e+01,9.996661441397828307e-01,2.000000000000000042e-03
1.387200000000000166e+01,1.001633551734401495e+00,2.000000000000000042e-03
1.389240000000000030e+01,1.001250170402496309e+00,2.000000000000000042e-03
1.391280000000000072e+01,1.002503450017130371e+00,2.000000000000000042e-03
1.393320000000000114e+01,9.989573541627254638e-01,2.000000000000000042e-03
1.395360000000000156e+01,9.991291850541120789e-01,2.000000000000000042e-03
1.397400000000000020e+01,9.990417936581760250e-01,2.000000000000000042e-03
1.399440000000000062e+01,1.001581603442357915e+00,2.000000000000000042e-03
1.401480000000000103e+01,1.002996748880593536e+00,2.000000000000000042e-03
1.403520000000000145e+01,9.990823190137013698e-01,2.000000000000000042e-03
1.405560000000000187e+01,9.991504525444138141e-01,2.000000000000000042e-03
1.407600000000000051e+01,1.000628154447739560e+00,2.000000000000000042e-03
1.409640000000000093e+01,9.995084769999742491e-01,2.000000000000000042e-03
1.411680000000000135e+01,1.001904107306279768e+00,2.000000000000000042e-03
1.413720000000000176e+01,9.954964454187619216e-01,2.000000000000000042e-03
1.415760000000000041e+01,9.983465899061662041e-01,2.000000000000000042e-03
1.417800000000000082e+01,9.984351673320771559e-01,2.000000000000000042e-03
1.419840000000000124e+01,9.953592879752276579e-01,2.000000000000000042e-03
1.421880000000000166e+01,9.980727231112623832e-01,2.000000000000000042e-03
1.423920000000000030e+01,9.981696877683081670e-01,2.000000000000000042e-03
1.425960000000000072e+01,9.995977906909623290e-01,2.000000000000000042e-03
1.428000000000000114e+01,1.002225931783320423e+00,2.000000000000000042e-03
1.430040000000000155e+01,9.995098786976186478e-01,2.000000000000000042e-03
1.432080000000000020e+01,9.979383725594577204e-01,2.000000000000000042e-03
1.434120000000000061e+01,9.998860909175729672e-01,2.000000000000000042e-03
1.436160000000000103e+01,1.002098347242882603e+00,2.000000000000000042e-03
1.438200000000000145e+01,9.980480823677702062e-01,2.000000000000000042e-03
1.440240000000000187e+01,9.981788502321571332e-01,2.000000000000000042e-03
1.442280000000000051e+01,1.001117097918548415e+00,2.000000000000000042e-03
1.444320000000000093e+01,9.995569277685384391e-01,2.000000000000000042e-03
1.446360000000000134e+01,1.001294969381419042e+00,2.000000000000000042e-03
1.448400000000000176e+01,9.999727064164094514e-01,2.000000000000000042e-03
1.450440000000000040e+01,1.001403327296179091e+00,2.000000000000000042e-03
1.452480000000000082e+01,9.979298437719187342e-01,2.000000000000000042e-03
1.454520000000000124e+01,9.999758306984234402e-01,2.000000000000000042e-03
1.456560000000000166e+01,9.995786199712737297e-01,2.000000000000000042e-03
1.458600000000000030e+01,9.975682181517917524e-01,2.000000000000000042e-03
1.460640000000000072e+01,9.968730441042625845e-01,2.000000000000000042e-03
1.462680000000000113e+01,1.001371498070549260e+00,2.000000000000000042e-03
1.464720000000000155e+01,9.992980952355640101e-01,2.000000000000000042e-03
1.466760000000000019e+01,9.979554394367053938e-01,2.000000000000000042e-03
1.468800000000000061e+01,9.998076421261533620e-01,2.000000000000000042e-03
1.470840000000000103e+01,1.002256037714698511e+00,2.000000000000000042e-03
1.472880000000000145e+01,9.954385243092561675e-01,2.000000000000000042e-03
1.474920000000000186e+01,9.970067226201932975e-01,2.000000000000000042e-03
1.476960000000000051e+01,9.981542271162094915e-01,2.000000000000000042e-03
1.479000000000000092e+01,1.002922357733440739e+00,2.000000000000000042e-03
1.481040000000000134e+01,1.000565173965838550e+00,2.000000000000000042e-03
1.483080000000000176e+01,1.001534634480922392e+00,2.000000000000000042e-03
1.485120000000000040e+01,9.977196781617475585e-01,2.000000000000000042e-03
1.487160000000000082e+01,9.977609282494589449e-01,2.000000000000000042e-03
1.489200000000000124e+01,1.000895627433445512e+00,2.000000000000000042e-03
1.491240000000000165e+01,1.000116548661870830e+00,2.000000000000000042e-03
1.493280000000000030e+01,1.001097477637728161e+00,2.000000000000000042e-03
1.495320000000000071e+01,9.996246580181430419e-01,2.000000000000000042e-03
1.497360000000000113e+01,1.000556287452909254e+00,2.000000000000000042e-03
1.499400000000000155e+01,1.000316238169810301e+00,2.000000000000000042e-03
1.501440000000000197e+01,1.001555534778169942e+00,2.000000000000000042e-03
1.503480000000000061e+01,1.001614016563888931e+00,2.000000000000000042e-03
1.505520000000000103e+01,9.967602560112164278e-01,2.000000000000000042e-03
1.507560000000000144e+01,9.955054628893182933e-01,2.000000000000000042e-03
1.509600000000000186e+01,1.002003490795303042e+00,2.000000000000000042e-03
1.511640000000000050e+01,1.002375450186523853e+00,2.000000000000000042e-03
1.513680000000000092e+01,9.979587539609733327e-01,2.000000000000000042e-03
1.515720000000000134e+01,9.962803291869087863e-01,2.000000000000000042e-03
1.517760000000000176e+01,1.000198069642014298e+00,2.000000000000000042e-03
1.519800000000000040e+01,1.001861676452701078e+00,2.000000000000000042e-03
1.521840000000000082e+01,1.003595189044868663e+00,2.000000000000000042e-03
1.523880000000000123e+01,1.001032595144202952e+00,2.000000000000000042e-03
1.525920000000000165e+01,9.992565666068286001e-01,2.000000000000000042e-03
1.527960000000000029e+01,9.982137387568302822e-01,2.000000000000000042e-03
1.530000000000000071e+01,1.000022902583341367e+00,2.000000000000000042e-03
1.532040000000000113e+01,9.994014705922295017e-01,2.000000000000000042e-03
1.534080000000000155e+01,9.979698641885423882e-01,2.000000000000000042e-03
1.536120000000000196e+01,1.004097511301726531e+00,2.000000000000000042e-03
1.538160000000000061e+01,1.003570336804144203e+00,2.000000000000000042e-03
1.540200000000000102e+01,1.002272097367110870e+00,2.000000000000000042e-03
1.542240000000000144e+01,9.981582992043817049e-01,2.000000000000000042e-03
1.544280000000000186e+01,1.001710038648594647e+00,2.000000000000000042e-03
1.546320000000000050e+01,1.001279252818995769e+00,2.000000000000000042e-03
1.548360000000000092e+01,1.000885091248408187e+00,2.000000000000000042e-03
1.550400000000000134e+01,1.002499330534087463e+00,2.000000000000000042e-03
1.552440000000000175e+01,1.001270742285722548e+00,2.000000000000000042e-03
1.554480000000000040e+01,1.001480028472608641e+00,2.000000000000000042e-03
1.556520000000000081e+01,1.001273812566744414e+00,2.000000000000000042e-03
1.558560000000000123e+01,1.000681582816004278e+00,2.000000000000000042e-03
1.560600000000000165e+01,9.964327777405715958e-01,2.000000000000000042e-03
1.562640000000000029e+01,1.000167242154821112e+00,2.000000000000000042e-03
1.564680000000000071e+01,9.988876160823016992e-01,2.000000000000000042e-03
1.566720000000000113e+01,9.974403180847200012e-01,2.000000000000000042e-03
1.568760000000000154e+01,1.003363633238601560e+00,2.000000000000000042e-03
1.570800000000000196e+01,1.003457990681771328e+00,2.000000000000000042e-03
1.572840000000000060e+01,1.002718441200591171e+00,2.000000000000000042e-03
1.574880000000000102e+01,1.000510426833711719e+00,2.000000000000000042e-03
1.576920000000000144e+01,1.002701250241905262e+00,2.000000000000000042e-03
1.578960000000000186e+01,1.000024106361203646e+00,2.000000000000000042e-03
1.581000000000000050e+01,1.000405594553795519e+00,2.000000000000000042e-03
1.583040000000000092e+01,9.978130572590759861e-01,2.000000000000000042e-03
1.585080000000000133e+01,9.935939826089978943e-01,2.000000000000000042e-03
1.587120000000000175e+01,9.901207718568488803e-01,2.000000000000000042e-03
1.589160000000000039e+01,9.873946957663310986e-01,2.000000000000000042e-03
1.591200000000000081e+01,9.898976057763667624e-01,2.000000000000000042e-03
1.593240000000000123e+01,9.898405408722863452e-01,2.000000000000000042e-03
1.595280000000000165e+01,9.987951223332892647e-01,2.000000000000000042e-03
1.597320000000000029e+01,1.001788426657026720e+00,2.000000000000000042e-03
1.599360000000000070e+01,1.000022890878182968e+00,2.000000000000000042e-03
1.601400000000000290e+01,1.000497574619602092e+00,2.000000000000000042e-03
1.603440000000000154e+01,1.000088424756208294e+00,2.000000000000000042e-03
1.605480000000000018e+01,9.995941720304089007e-01,2.000000000000000042e-03
1.607520000000000238e+01,9.978351456052234614e-01,2.000000000000000042e-03
1.609560000000000102e+01,9.996978962447861106e-01,2.000000000000000042e-03
1.611599999999999966e+01,9.985078034866949892e-01,2.000000000000000042e-03
1.613640000000000185e+01,9.974993689221537396e-01,2.000000000000000042e-03
1.615680000000000049e+01,1.001022443629095093e+00,2.000000000000000042e-03
1.617720000000000269e+01,1.000782529319866443e+00,2.000000000000000042e-03
1.619760000000000133e+01,9.964265849772638850e-01,2.000000000000000042e-03
1.621799999999999997e+01,9.997546307250096964e-01,2.000000000000000042e-03
1.623840000000000217e+01,1.001991402771799766e+00,2.000000000000000042e-03
1.625880000000000081e+01,1.002118447477792662e+00,2.000000000000000042e-03
1.627919999999999945e+01,1.002051673685770528e+00,2.000000000000000042e-03
1.629960000000000164e+01,1.000077826413802828e+00,2.000000000000000042e-03
1.632000000000000028e+01,9.983099093440617189e-01,2.000000000000000042e-03
1.634040000000000248e+01,9.978326023452839255e-01,2.000000000000000042e-03
1.636080000000000112e+01,1.000689209809500824e+00,2.000000000000000042e-03
1.638119999999999976e+01,1.000758560068730318e+00,2.000000000000000042e-03
1.640160000000000196e+01,1.002574662223210122e+00,2.000000000000000042e-03
1.642200000000000060e+01,1.002199959300684062e+00,2.000000000000000042e-03
1.644240000000000279e+01,9.997355426869376505e-01,2.000000000000000042e-03
1.646280000000000143e+01,9.975115882422782576e-01,2.000000000000000042e-03
1.648320000000000007e+01,9.993617868059782028e-01,2.000000000000000042e-03
1.650360000000000227e+01,1.000434462389621082e+00,2.000000000000000042e-03
1.652400000000000091e+01,9.995958335092212099e-01,2.000000000000000042e-03
1.654439999999999955e+01,9.988442117838446377e-01,2.000000000000000042e-03
1.656480000000000175e+01,1.000505769629939756e+00,2.000000000000000042e-03
1.658520000000000039e+01,9.989920845171788022e-01,2.000000000000000042e-03
1.660560000000000258e+01,9.987438678325492036e-01,2.000000000000000042e-03
1.662600000000000122e+01,1.000622905668606899e+00,2.000000000000000042e-03
1.664639999999999986e+01,9.991960148397416308e-01,2.000000000000000042e-03
1.666680000000000206e+01,1.000488208777956745e+00,2.000000000000000042e-03
1.668720000000000070e+01,1.000546408045704272e+00,2.000000000000000042e-03
1.670760000000000289e+01,9.977211419978168072e-01,2.000000000000000042e-03
1.672800000000000153e+01,9.990375177522691219e-01,2.000000000000000042e-03
1.674840000000000018e+01,1.002875553879832848e+00,2.000000000000000042e-03
1.676880000000000237e+01,9.976758409745314360e-01,2.000000000000000042e-03
1.678920000000000101e+01,9.957666911020589540e-01,2.000000000000000042e-03
1.680959999999999965e+01,9.962763096935149942e-01,2.000000000000000042e-03
1.683000000000000185e+01,1.000058219893153355e+00,2.000000000000000042e-03
1.685040000000000049e+01,1.000061834556065454e+00,2.000000000000000042e-03
1.687080000000000268e+01,9.997647782891497803e-01,2.000000000000000042e-03
1.689120000000000132e+01,1.002428379657857027e+00,2.000000000000000042e-03
1.691159999999999997e+01,9.946543311337940896e-01,2.000000000000000042e-03
1.693200000000000216e+01,1.000791867748861641e+00,2.000000000000000042e-03
1.695240000000000080e+01,1.003122876403607089e+00,2.000000000000000042e-03
1.697279999999999944e+01,9.977444384702165436e-01,2.000000000000000042e-03
1.699320000000000164e+01,9.992403869764202584e-01,2.000000000000000042e-03
1.701360000000000028e+01,9.984942161655427917e-01,2.000000000000000042e-03
1.703400000000000247e+01,9.982113079078449580e-01,2.000000000000000042e-03
1.705440000000000111e+01,9.993474759899538817e-01,2.000000000000000042e-03
1.707479999999999976e+01,1.002854970567369053e+00,2.000000000000000042e-03
1.709520000000000195e+01,1.003674773350974991e+00,2.000000000000000042e-03
1.711560000000000059e+01,9.993281215499196790e-01,2.000000000000000042e-03
1.713600000000000279e+01,1.003810120428128894e+00,2.000000000000000042e-03
1.715640000000000143e+01,1.000071152953969200e+00,2.000000000000000042e-03
1.717680000000000007e+01,1.003507382053402175e+00,2.000000000000000042e-03
1.719720000000000226e+01,9.998134027006929658e-01,2.000000000000000042e-03
1.721760000000000090e+01,1.000262115652092332e+00,2.000000000000000042e-03
1.723799999999999955e+01,1.000730948945285581e+00,2.000000000000000042e-03
1.725840000000000174e+01,1.006357707358735087e+00,2.000000000000000042e-03
1.727880000000000038e+01,1.001702571149689636e+00,2.000000000000000042e-03
1.729920000000000258e+01,9.985854709400970863e-01,2.000000000000000042e-03
1.731960000000000122e+01,1.001937995740551646e+00,2.000000000000000042e-03
1.733999999999999986e+01,9.992763349258313443e-01,2.000000000000000042e-03
1.736040000000000205e+01,9.990204996341975896e-01,2.000000000000000042e-03
1.738080000000000069e+01,1.001817202719784250e+00,2.000000000000000042e-03
1.740120000000000289e+01,1.000062171175542414e+00,2.000000000000000042e-03
1.742160000000000153e+01,1.000557151829023717e+00,2.000000000000000042e-03
1.744200000000000017e+01,1.000027970443730485e+00,2.000000000000000042e-03
1.746240000000000236e+01,1.000673166253210900e+00,2.000000000000000042e-03
1.748280000000000101e+01,1.000849931794872250e+00,2.000000000000000042e-03
1.750319999999999965e+01,9.961260661345892053e-01,2.000000000000000042e-03
1.752360000000000184e+01,1.001333145337219177e+00,2.000000000000000042e-03
1.754400000000000048e+01,9.980359611603394354e-01,2.000000000000000042e-03
1.756440000000000268e+01,9.971154017288811344e-01,2.000000000000000042e-03
1.758480000000000132e+01,9.998831775122826171e-01,2.000000000000000042e-03
1.760519999999999996e+01,1.000167962006628830e+00,2.000000000000000042e-03
1.762560000000000215e+01,9.986129876708554898e-01,2.000000000000000042e-03
1.764600000000000080e+01,1.001662063715335949e+00,2.000000000000000042e-03
1.766640000000000299e+01,9.973156496672581639e-01,2.000000000000000042e-03
1.768680000000000163e+01,9.991861125024549262e-01,2.000000000000000042e-03
1.770720000000000027e+01,9.988302517301339556e-01,2.000000000000000042e-03
1.772760000000000247e+01,9.999068254593213023e-01,2.000000000000000042e-03
1.774800000000000111e+01,1.000557728569294369e+00,2.000000000000000042e-03
1.776839999999999975e+01,9.979842141007528866e-01,2.000000000000000042e-03
1.778880000000000194e+01,1.001448565354912557e+00,2.000000000000000042e-03
1.780920000000000059e+01,1.000126004736669350e+00,2.000000000000000042e-03
1.782960000000000278e+01,9.962161074933761906e-01,2.000000000000000042e-03
1.785000000000000142e+01,9.960828171192059877e-01,2.000000000000000042e-03
1.787040000000000006e+01,9.999753614141413394e-01,2.000000000000000042e-03
1.789080000000000226e+01,9.995580653644272617e-01,2.000000000000000042e-03
1.791120000000000090e+01,9.997931597728507702e-01,2.000000000000000042e-03
1.793159999999999954e+01,9.999440350869395200e-01,2.000000000000000042e-03
1.795200000000000173e+01,1.000451119679020451e+00,2.000000000000000042e-03
1.797240000000000038e+01,1.001895299219696556e+00,2.000000000000000042e-03
1.799280000000000257e+01,9.977777901981649267e-01,2.000000000000000042e-03
1.801320000000000121e+01,9.976560568141984442e-01,2.000000000000000042e-03
1.803359999999999985e+01,9.978133522842251857e-01,2.000000000000000042e-03
1.805400000000000205e+01,9.912445000010027263e-01,2.000000000000000042e-03
1.807440000000000069e+01,9.924898947572928787e-01,2.000000000000000042e-03
1.809480000000000288e+01,9.891373211235209295e-01,2.000000000000000042e-03
1.811520000000000152e+01,9.849966003116806812e-01,2.000000000000000042e-03
1.813560000000000016e+01,9.865920142747792720e-01,2.000000000000000042e-03
1.815600000000000236e+01,9.956672598877428504e-01,2.000000000000000042e-03
1.817640000000000100e+01,9.988845422250095529e-01,2.000000000000000042e-03
1.819679999999999964e+01,9.991832227454905402e-01,2.000000000000000042e-03
1.821720000000000184e+01,1.000077162245961881e+00,2.000000000000000042e-03
1.823760000000000048e+01,9.993765073383551467e-01,2.000000000000000042e-03
1.825800000000000267e+01,1.002098679221086863e+00,2.000000000000000042e-03
1.827840000000000131e+01,9.986479653886373153e-01,2.000000000000000042e-03
1.829879999999999995e+01,9.982753640810488882e-01,2.000000000000000042e-03
1.831920000000000215e+01,1.000957751077040880e+00,2.000000000000000042e-03
1.833960000000000079e+01,9.969287158601477516e-01,2.000000000000000042e-03
1.836000000000000298e+01,1.000779383410639989e+00,2.000000000000000042e-03
1.838040000000000163e+01,1.000205106367452634e+00,2.000000000000000042e-03
1.840080000000000027e+01,9.997051150201636815e-01,2.000000000000000042e-03
1.842120000000000246e+01,1.003176552214298578e+00,2.000000000000000042e-03
1.844160000000000110e+01,9.987555851094105375e-01,2.000000000000000042e-03
1.846199999999999974e+01,1.004120596341048222e+00,2.000000000000000042e-03
1.848240000000000194e+01,9.995491371015438054e-01,2.000000000000000042e-03
1.850280000000000058e+01,9.974459671100595060e-01,2.000000000000000042e-03
1.852320000000000277e+01,1.000139839161989563e+00,2.000000000000000042e-03
1.854360000000000142e+01,9.978475095993624144e-01,2.000000000000000042e-03
1.856400000000000006e+01,9.984964883043729866e-01,2.000000000000000042e-03
1.858440000000000225e+01,1.000794066600031007e+00,2.000000000000000042e-03
1.860480000000000089e+01,1.001111164177300283e+00,2.000000000000000042e-03
1.862520000000000309e+01,9.987556645994914994e-01,2.000000000000000042e-03
1.864560000000000173e+01,1.001974810290092721e+00,2.000000000000000042e-03
1.866600000000000037e+01,1.002315015516042296e+00,2.000000000000000042e-03
1.868640000000000256e+01,1.002872603513126570e+00,2.000000000000000042e-03
1.870680000000000121e+01,1.001058826814251512e+00,2.000000000000000042e-03
1.872719999999999985e+01,1.002726857424171447e+00,2.000000000000000042e-03
1.874760000000000204e+01,9.962384031440518761e-01,2.000000000000000042e-03
1.876800000000000068e+01,9.993641869027430902e-01,2.000000000000000042e-03
1.878840000000000288e+01,9.982659894873531226e-01,2.000000000000000042e-03
1.880880000000000152e+01,1.000238451722254673e+00,2.000000000000000042e-03
1.882920000000000016e+01,9.988571015616065640e-01,2.000000000000000042e-03
1.884960000000000235e+01,9.996676843161005355e-01,2.000000000000000042e-03
1.887000000000000099e+01,1.003764349760408070e+00,2.000000000000000042e-03
1.889039999999999964e+01,9.996605604071592266e-01,2.000000000000000042e-03
1.891080000000000183e+01,1.000827584634380374e+00,2.000000000000000042e-03
1.893120000000000047e+01,9.995354613401514765e-01,2.000000000000000042e-03
1.895160000000000267e+01,1.000151426575913716e+00,2.000000000000000042e-03
1.897200000000000131e+01,1.000012033360872188e+00,2.000000000000000042e-03
1.899239999999999995e+01,1.000896648131946343e+00,2.000000000000000042e-03
1.901280000000000214e+01,1.002330615071094444e+00,2.000000000000000042e-03
1.903320000000000078e+01,1.003294787995206550e+00,2.000000000000000042e-03
1.905360000000000298e+01,1.000619240163818313e+00,2.000000000000000042e-03
1.907400000000000162e+01,1.001179093772071260e+00,2.000000000000000042e-03
1.909440000000000026e+01,9.976982709816288875e-01,2.000000000000000042e-03
1.911480000000000246e+01,9.998242465151687686e-01,2.000000000000000042e-03
1.913520000000000110e+01,1.001880578929767118e+00,2.000000000000000042e-03
1.915559999999999974e+01,1.001731937276834294e+00,2.000000000000000042e-03
1.917600000000000193e+01,1.000423219465590208e+00,2.000000000000000042e-03
1.919640000000000057e+01,1.001772787919135821e+00,2.000000000000000042e-03
1.921680000000000277e+01,1.000981533417987679e+00,2.000000000000000042e-03
1.923720000000000141e+01,1.002400612516518574e+00,2.000000000000000042e-03
1.925760000000000005e+01,1.000578718313914317e+00,2.000000000000000042e-03
1.927800000000000225e+01,9.992886033688579417e-01,2.000000000000000042e-03
1.929840000000000089e+01,1.000671682513865957e+00,2.000000000000000042e-03
1.931880000000000308e+01,9.941388112482943962e-01,2.000000000000000042e-03
1.933920000000000172e+01,1.000765771472770016e+00,2.000000000000000042e-03
1.935960000000000036e+01,9.927031743495704497e-01,2.000000000000000042e-03
1.938000000000000256e+01,9.965530731851891533e-01,2.000000000000000042e-03
1.940040000000000120e+01,1.000903537201881965e+00,2.000000000000000042e-03
1.942079999999999984e+01,1.000955058674533493e+00,2.000000000000000042e-03
1.944120000000000203e+01,9.976751424397201085e-01,2.000000000000000042e-03
1.946160000000000068e+01,9.985757959162421260e-01,2.000000000000000042e-03
1.948200000000000287e+01,1.002741081977228221e+00,2.000000000000000042e-03
1.950240000000000151e+01,9.990319397368546683e-01,2.000000000000000042e-03
1.952280000000000015e+01,1.004485840624806059e+00,2.000000000000000042e-03
1.954320000000000235e+01,9.999961602936473515e-01,2.000000000000000042e-03
1.956360000000000099e+01,1.000816072353762465e+00,2.000000000000000042e-03
1.958400000000000318e+01,1.003233748796997116e+00,2.000000000000000042e-03
1.960440000000000182e+01,1.000262054232386788e+00,2.000000000000000042e-03
1.962480000000000047e+01,9.979953120386183540e-01,2.000000000000000042e-03
1.964520000000000266e+01,9.997805450966114060e-01,2.000000000000000042e-03
1.966560000000000130e+01,9.999287785276198548e-01,2.000000000000000042e-03
1.968599999999999994e+01,9.972705166955968537e-01,2.000000000000000042e-03
1.970640000000000214e+01,9.994883358573183330e-01,2.000000000000000042e-03
1.972680000000000078e+01,9.985156158120050973e-01,2.000000000000000042e-03
1.974720000000000297e+01,1.001848715514374932e+00,2.000000000000000042e-03
1.976760000000000161e+01,1.000069223748370595e+00,2.000000000000000042e-03
1.978800000000000026e+01,9.994344085017048407e-01,2.000000000000000042e-03
1.980840000000000245e+01,9.997876361387548760e-01,2.000000000000000042e-03
1.982880000000000109e+01,1.000446244036812260e+00,2.000000000000000042e-03
1.984919999999999973e+01,1.001233628399379461e+00,2.000000000000000042e-03
1.986960000000000193e+01,9.980005755426611946e-01,2.000000000000000042e-03
1.989000000000000057e+01,9.979168247347574017e-01,2.000000000000000042e-03
1.991040000000000276e+01,1.002209358430805164e+00,2.000000000000000042e-03
1.993080000000000140e+01,9.991753262555905790e-01,2.000000000000000042e-03
1.995120000000000005e+01,9.971663158148063033e-01,2.000000000000000042e-03
1.997160000000000224e+01,1.000887625418766191e+00,2.000000000000000042e-03
1.999200000000000088e+01,1.000926739612065353e+00,2.000000000000000042e-03
2.001240000000000308e+01,9.969385694854865365e-01,2.000000000000000042e-03
2.003280000000000172e+01,1.000458963430927106e+00,2.000000000000000042e-03
2.005320000000000036e+01,1.001471166184856765e+00,2.000000000000000042e-03
2.007360000000000255e+01,1.000748772903412576e+00,2.000000000000000042e-03
2.009400000000000119e+01,1.001263962967522847e+00,2.000000000000000042e-03
2.011439999999999984e+01,9.971914618038184575e-01,2.000000000000000042e-03
2.013480000000000203e+01,1.000662080309992374e+00,2.000000000000000042e-03
2.015520000000000067e+01,9.993947604810591301e-01,2.000000000000000042e-03
2.017560000000000286e+01,9.990344196825506895e-01,2.000000000000000042e-03
2.019600000000000151e+01,1.001741111218839464e+00,2.000000000000000042e-03
2.021640000000000015e+01,1.002958549021348400e+00,2.000000000000000042e-03
2.023680000000000234e+01,1.003588740109200739e+00,2.000000000000000042e-03
2.025720000000000098e+01,9.926296157430117839e-01,2.000000000000000042e-03
2.027760000000000318e+01,9.897805316367396244e-01,2.000000000000000042e-03
2.029800000000000182e+01,9.907054403260526776e-01,2.000000000000000042e-03
2.031840000000000046e+01,9.915336457435685036e-01,2.000000000000000042e-03
2.033880000000000265e+01,9.902423558985988805e-01,2.000000000000000042e-03
2.035920000000000130e+01,9.997281950424904418e-01,2.000000000000000042e-03
2.037959999999999994e+01,1.001647506263752430e+00,2.000000000000000042e-03
2.040000000000000213e+01,9.998814347079481024e-01,2.000000000000000042e-03
2.042040000000000077e+01,9.985414261272527181e-01,2.000000000000000042e-03
2.044080000000000297e+01,9.991710538683282739e-01,2.000000000000000042e-03
2.046120000000000161e+01,1.001267820755467497e+00,2.000000000000000042e-03
2.048160000000000025e+01,1.000005986582399808e+00,2.000000000000000042e-03
2.050200000000000244e+01,1.000680419953736688e+00,2.000000000000000042e-03
2.052240000000000109e+01,1.001340158484404386e+00,2.000000000000000042e-03
2.054279999999999973e+01,9.992503170742047525e-01,2.000000000000000042e-03
2.056320000000000192e+01,1.001512496327259694e+00,2.000000000000000042e-03
2.058360000000000056e+01,1.000757685206916880e+00,2.000000000000000042e-03
2.060400000000000276e+01,9.975303738261770414e-01,2.000000000000000042e-03
2.062440000000000140e+01,1.002884609582372466e+00,2.000000000000000042e-03
2.064480000000000004e+01,9.989985105124861153e-01,2.000000000000000042e-03
2.066520000000000223e+01,9.966898093136296044e-01,2.000000000000000042e-03
2.068560000000000088e+01,9.979099125808273962e-01,2.000000000000000042e-03
2.070600000000000307e+01,9.979579096786433956e-01,2.000000000000000042e-03
2.072640000000000171e+01,1.000104346637314956e+00,2.000000000000000042e-03
2.074680000000000035e+01,9.994522989889075282e-01,2.000000000000000042e-03
2.076720000000000255e+01,9.993263360647187676e-01,2.000000000000000042e-03
2.078760000000000119e+01,1.001239403930964889e+00,2.000000000000000042e-03
2.080799999999999983e+01,1.000679750722385464e+00,2.000000000000000042e-03
2.082840000000000202e+01,1.000632095741288641e+00,2.000000000000000042e-03
2.084880000000000067e+01,1.000819656914657463e+00,2.000000000000000042e-03
2.086920000000000286e+01,1.001232269336004510e+00,2.000000000000000042e-03
2.088960000000000150e+01,9.957840933164451291e-01,2.000000000000000042e-03
2.091000000000000014e+01,9.992711234954710919e-01,2.000000000000000042e-03
2.093040000000000234e+01,9.956395798710210299e-01,2.000000000000000042e-03
2.095080000000000098e+01,1.000072119853595565e+00,2.000000000000000042e-03
2.097120000000000317e+01,9.999907340555512780e-01,2.000000000000000042e-03
2.099160000000000181e+01,1.002091064549579302e+00,2.000000000000000042e-03
2.101200000000000045e+01,1.002375268785442142e+00,2.000000000000000042e-03
2.103240000000000265e+01,1.000405550096504781e+00,2.000000000000000042e-03
2.105280000000000129e+01,9.989992778452061462e-01,2.000000000000000042e-03
2.107319999999999993e+01,1.000970322225091413e+00,2.000000000000000042e-03
2.109360000000000213e+01,9.989441647253514134e-01,2.000000000000000042e-03
2.111400000000000077e+01,9.999972146971133347e-01,2.000000000000000042e-03
2.113440000000000296e+01,1.001972272633921524e+00,2.000000000000000042e-03
2.115480000000000160e+01,9.988844573080211120e-01,2.000000000000000042e-03
2.117520000000000024e+01,1.001611357278485048e+00,2.000000000000000042e-03
2.119560000000000244e+01,1.001354802737384642e+00,2.000000000000000042e-03
2.121600000000000108e+01,9.980904163657383643e-01,2.000000000000000042e-03
2.123640000000000327e+01,1.001947788256434713e+00,2.000000000000000042e-03
2.125680000000000192e+01,1.001397132690742930e+00,2.000000000000000042e-03
2.127720000000000056e+01,1.000203851774745356e+00,2.000000000000000042e-03
2.129760000000000275e+01,9.984753530839447500e-01,2.000000000000000042e-03
2.131800000000000139e+01,9.982815879628488265e-01,2.000000000000000042e-03
2.133840000000000003e+01,9.989246748461939607e-01,2.000000000000000042e-03
2.135880000000000223e+01,1.001085188926583935e+00,2.000000000000000042e-03
2.137920000000000087e+01,9.980887496651972279e-01,2.000000000000000042e-03
2.139960000000000306e+01,1.000875024497239751e+00,2.000000000000000042e-03
2.142000000000000171e+01,9.975164889422432068e-01,2.000000000000000042e-03
2.144040000000000035e+01,9.995918628311223353e-01,2.000000000000000042e-03
2.146080000000000254e+01,1.000219295509148010e+00,2.000000000000000042e-03
2.148120000000000118e+01,1.004890260290117743e+00,2.000000000000000042e-03
2.150159999999999982e+01,9.972453686889592994e-01,2.000000000000000042e-03
2.152200000000000202e+01,1.002944029132980308e+00,2.000000000000000042e-03
2.154240000000000066e+01,1.000299684827974600e+00,2.000000000000000042e-03
2.156280000000000285e+01,1.000822343836031969e+00,2.000000000000000042e-03
2.158320000000000149e+01,1.000236695826776323e+00,2.000000000000000042e-03
2.160360000000000014e+01,1.000889453636390369e+00,2.000000000000000042e-03
2.162400000000000233e+01,9.996926297912759329e-01,2.000000000000000042e-03
2.164440000000000097e+01,1.002908100362915000e+00,2.000000000000000042e-03
2.166480000000000317e+01,9.990870577115505968e-01,2.000000000000000042e-03
2.168520000000000181e+01,1.002264469144358516e+00,2.000000000000000042e-03
2.170560000000000045e+01,9.987112657595739185e-01,2.000000000000000042e-03
2.172600000000000264e+01,9.998794963071974129e-01,2.000000000000000042e-03
2.174640000000000128e+01,9.978560748954196091e-01,2.000000000000000042e-03
2.176679999999999993e+01,1.000910047440695116e+00,2.000000000000000042e-03
2.178720000000000212e+01,1.002890251913853170e+00,2.000000000000000042e-03
2.180760000000000076e+01,9.998452876403582934e-01,2.000000000000000042e-03
2.182800000000000296e+01,9.996062286025921839e-01,2.000000000000000042e-03
2.184840000000000160e+01,9.977707660738641682e-01,2.000000000000000042e-03
2.186880000000000024e+01,9.995414146928953691e-01,2.000000000000000042e-03
2.188920000000000243e+01,9.968144114805569389e-01,2.000000000000000042e-03
2.190960000000000107e+01,9.981742440265622962e-01,2.000000000000000042e-03
2.193000000000000327e+01,1.000453572092218302e+00,2.000000000000000042e-03
2.195040000000000191e+01,1.002638026395482829e+00,2.000000000000000042e-03
2.197080000000000055e+01,1.005618421722459077e+00,2.000000000000000042e-03
2.199120000000000275e+01,9.988268298298581538e-01,2.000000000000000042e-03
2.201160000000000139e+01,1.002870600313290783e+00,2.000000000000000042e-03
2.203200000000000003e+01,1.000487504960803298e+00,2.000000000000000042e-03
2.205240000000000222e+01,9.996975047065072006e-01,2.000000000000000042e-03
2.207280000000000086e+01,1.000865188903452330e+00,2.000000000000000042e-03
2.209320000000000306e+01,1.000123832967359849e+00,2.000000000000000042e-03
2.211360000000000170e+01,1.000220791451224445e+00,2.000000000000000042e-03
2.213400000000000034e+01,9.991833336743466409e-01,2.000000000000000042e-03
2.215440000000000254e+01,9.972037806804022742e-01,2.000000000000000042e-03
2.217480000000000118e+01,9.969127495949557938e-01,2.000000000000000042e-03
2.219519999999999982e+01,1.001306489766562446e+00,2.000000000000000042e-03
2.221560000000000201e+01,9.994465998198285295e-01,2.000000000000000042e-03
2.223600000000000065e+01,9.988078222006876450e-01,2.000000000000000042e-03
2.225640000000000285e+01,1.000017011253446331e+00,2.000000000000000042e-03
2.227680000000000149e+01,1.001589864505831207e+00,2.000000000000000042e-03
2.229720000000000013e+01,1.000360727886052903e+00,2.000000000000000042e-03
2.231760000000000232e+01,9.986878901267181030e-01,2.000000000000000042e-03
2.233800000000000097e+01,1.002452585911297822e+00,2.000000000000000042e-03
2.235840000000000316e+01,1.003158371005963279e+00,2.000000000000000042e-03
2.237880000000000180e+01,1.000989113310645662e+00,2.000000000000000042e-03
2.239920000000000044e+01,1.001947327022688183e+00,2.000000000000000042e-03
2.241960000000000264e+01,1.002483919993627515e+00,2.000000000000000042e-03
2.244000000000000128e+01,1.002260198632808574e+00,2.000000000000000042e-03
2.246039999999999992e+01,9.912281983542252650e-01,2.000000000000000042e-03
2.248080000000000211e+01,9.911966940941497883e-01,2.000000000000000042e-03
2.250120000000000076e+01,9.910393211466930197e-01,2.000000000000000042e-03
2.252160000000000295e+01,9.878053246509058694e-01,2.000000000000000042e-03
2.254200000000000159e+01,9.914014463137191813e-01,2.000000000000000042e-03
2.256240000000000023e+01,9.972883720577468969e-01,2.000000000000000042e-03
2.258280000000000243e+01,9.984108010897498886e-01,2.000000000000000042e-03
2.260320000000000107e+01,1.002607130135616087e+00,2.000000000000000042e-03
2.262360000000000326e+01,1.001680440325388499e+00,2.000000000000000042e-03
2.264400000000000190e+01,1.002974796579371830e+00,2.000000000000000042e-03
2.266440000000000055e+01,9.994566512326253926e-01,2.000000000000000042e-03
2.268480000000000274e+01,9.976955023174464143e-01,2.000000000000000042e-03
2.270520000000000138e+01,9.995191256058593154e-01,2.000000000000000042e-03
2.272560000000000002e+01,1.000204062594481247e+00,2.000000000000000042e-03
2.274600000000000222e+01,1.000157977432680090e+00,2.000000000000000042e-03
2.276640000000000086e+01,1.002267360957513453e+00,2.000000000000000042e-03
2.278680000000000305e+01,9.992774591499931081e-01,2.000000000000000042e-03
2.280720000000000169e+01,1.000704068943605751e+00,2.000000000000000042e-03
2.282760000000000034e+01,9.980227457011308090e-01,2.000000000000000042e-03
2.284800000000000253e+01,1.000900634556087576e+00,2.000000000000000042e-03
2.286840000000000117e+01,1.000006217100371186e+00,2.000000000000000042e-03
2.288880000000000337e+01,9.985003733234310008e-01,2.000000000000000042e-03
2.290920000000000201e+01,9.995283412756502672e-01,2.000000000000000042e-03
2.292960000000000065e+01,9.996316485069695057e-01,2.000000000000000042e-03
2.295000000000000284e+01,9.994596897413258185e-01,2.000000000000000042e-03
2.297040000000000148e+01,1.003542682484535264e+00,2.000000000000000042e-03
2.299080000000000013e+01,9.998031079953841882e-01,2.000000000000000042e-03
2.301120000000000232e+01,9.995122077796453341e-01,2.000000000000000042e-03
2.303160000000000096e+01,9.958050980847796829e-01,2.000000000000000042e-03
2.305200000000000315e+01,9.982115852960410374e-01,2.000000000000000042e-03
2.307240000000000180e+01,9.994738531510872770e-01,2.000000000000000042e-03
2.309280000000000044e+01,9.986282946476466860e-01,2.000000000000000042e-03
2.311320000000000263e+01,1.002763415186755491e+00,2.000000000000000042e-03
2.313360000000000127e+01,9.996701244492075533e-01,2.000000000000000042e-03
2.315399999999999991e+01,1.002576888498636576e+00,2.000000000000000042e-03
2.317440000000000211e+01,1.000123409268100838e+00,2.000000000000000042e-03
2.319480000000000075e+01,1.000074455672843143e+00,2.000000000000000042e-03
2.321520000000000294e+01,9.998224071045750394e-01,2.000000000000000042e-03
2.323560000000000159e+01,1.000007592503243004e+00,2.000000000000000042e-03
2.325600000000000023e+01,1.003437590006099667e+00,2.000000000000000042e-03
2.327640000000000242e+01,9.953607785464975155e-01,2.000000000000000042e-03
2.329680000000000106e+01,9.959969085111226583e-01,2.000000000000000042e-03
2.331720000000000326e+01,9.989136583378878109e-01,2.000000000000000042e-03
2.333760000000000190e+01,1.000029055763875130e+00,2.000000000000000042e-03
2.335800000000000054e+01,1.001380208849528053e+00,2.000000000000000042e-03
2.337840000000000273e+01,1.000946174396055044e+00,2.000000000000000042e-03
2.339880000000000138e+01,9.992315081742388916e-01,2.000000000000000042e-03
2.341920000000000002e+01,1.002038087386483589e+00,2.000000000000000042e-03
2.343960000000000221e+01,1.002060390806305490e+00,2.000000000000000042e-03
2.346000000000000085e+01,1.000368115662543023e+00,2.000000000000000042e-03
2.348040000000000305e+01,1.001925315144973627e+00,2.000000000000000042e-03
2.350080000000000169e+01,1.000545290526864362e+00,2.000000000000000042e-03
2.352120000000000033e+01,9.988770339464342340e-01,2.000000000000000042e-03
2.354160000000000252e+01,1.001395633678000108e+00,2.000000000000000042e-03
2.356200000000000117e+01,1.000221226245157302e+00,2.000000000000000042e-03
2.358240000000000336e+01,1.000002679693508867e+00,2.000000000000000042e-03
2.360280000000000200e+01,1.002945907144379145e+00,2.000000000000000042e-03
2.362320000000000064e+01,9.950982557429198794e-01,2.000000000000000042e-03
2.364360000000000284e+01,9.971646316596808335e-01,2.000000000000000042e-03
2.366400000000000148e+01,9.976258591472512149e-01,2.000000000000000042e-03
2.368440000000000012e+01,9.992734787048623835e-01,2.000000000000000042e-03
2.370480000000000231e+01,9.994907836604679519e-01,2.000000000000000042e-03
2.372520000000000095e+01,9.969853487044538776e-01,2.000000000000000042e-03
2.374560000000000315e+01,9.980296839353783866e-01,2.000000000000000042e-03
2.376600000000000179e+01,9.982783166429528565e-01,2.000000000000000042e-03
2.378640000000000043e+01,1.004914848184151888e+00,2.000000000000000042e-03
2.380680000000000263e+01,1.003603483895494364e+00,2.000000000000000042e-03
2.382720000000000127e+01,9.991765011646307482e-01,2.000000000000000042e-03
2.384760000000000346e+01,9.992728334193864415e-01,2.000000000000000042e-03
2.386800000000000210e+01,9.977015920056233611e-01,2.000000000000000042e-03
2.388840000000000074e+01,9.961837391735495206e-01,2.000000000000000042e-03
2.390880000000000294e+01,9.997662396271829177e-01,2.000000000000000042e-03
2.392920000000000158e+01,9.980042960335119284e-01,2.000000000000000042e-03
2.394960000000000022e+01,9.998302989366759652e-01,2.000000000000000042e-03
2.397000000000000242e+01,9.967995883019130643e-01,2.000000000000000042e-03
2.399040000000000106e+01,9.984760510833794456e-01,2.000000000000000042e-03
2.401080000000000325e+01,1.000297254190605667e+00,2.000000000000000042e-03
2.403120000000000189e+01,1.000732419195567768e+00,2.000000000000000042e-03
2.405160000000000053e+01,1.000834943917483955e+00,2.000000000000000042e-03
2.407200000000000273e+01,9.973590220316859156e-01,2.000000000000000042e-03
2.409240000000000137e+01,1.001709371460271170e+00,2.000000000000000042e-03
2.411280000000000001e+01,9.983995766067963462e-01,2.000000000000000042e-03
2.413320000000000221e+01,1.001265715829214642e+00,2.000000000000000042e-03
2.415360000000000085e+01,9.999787226467635737e-01,2.000000000000000042e-03
2.417400000000000304e+01,9.972472250018441509e-01,2.000000000000000042e-03
2.419440000000000168e+01,9.993676045908376215e-01,2.000000000000000042e-03
2.421480000000000032e+01,1.000730727484127502e+00,2.000000000000000042e-03
2.423520000000000252e+01,1.001225930760949234e+00,2.000000000000000042e-03
2.425560000000000116e+01,9.997180242051111332e-01,2.000000000000000042e-03
2.427600000000000335e+01,1.003063557781202153e+00,2.000000000000000042e-03
2.429640000000000200e+01,1.002015021541973194e+00,2.000000000000000042e-03
2.431680000000000064e+01,9.994866917672005080e-01,2.000000000000000042e-03
2.433720000000000283e+01,1.001500243624273923e+00,2.000000000000000042e-03
2.435760000000000147e+01,1.003867586970376369e+00,2.000000000000000042e-03
2.437800000000000011e+01,1.003920969201566038e+00,2.000000000000000042e-03
2.439840000000000231e+01,9.975440002383549887e-01,2.000000000000000042e-03
2.441880000000000095e+01,9.981469337776857076e-01,2.000000000000000042e-03
2.443920000000000314e+01,1.002969837573467693e+00,2.000000000000000042e-03
2.445960000000000178e+01,9.978834378983246767e-01,2.000000000000000042e-03
2.448000000000000043e+01,9.973549177334166682e-01,2.000000000000000042e-03
2.450040000000000262e+01,9.990276117386018839e-01,2.000000000000000042e-03
2.452080000000000126e+01,1.000840453418949227e+00,2.000000000000000042e-03
2.454120000000000346e+01,9.997952065867777849e-01,2.000000000000000042e-03
2.456160000000000210e+01,9.986988727591887827e-01,2.000000000000000042e-03
2.458200000000000074e+01,9.986515750765510013e-01,2.000000000000000042e-03
2.460240000000000293e+01,9.985753258711745906e-01,2.000000000000000042e-03
2.462280000000000157e+01,9.982409807426820825e-01,2.000000000000000042e-03
2.464320000000000022e+01,1.002429932421218917e+00,2.000000000000000042e-03
2.466360000000000241e+01,9.905950221423710511e-01,2.000000000000000042e-03
2.468400000000000105e+01,9.917735181088094265e-01,2.000000000000000042e-03
2.470440000000000325e+01,9.890218450637621173e-01,2.000000000000000042e-03
2.472480000000000189e+01,9.896280866456278469e-01,2.000000000000000042e-03
2.474520000000000053e+01,9.887062253705926063e-01,2.000000000000000042e-03
2.476560000000000272e+01,9.946965833301616433e-01,2.000000000000000042e-03
2.478600000000000136e+01,9.972439814463042174e-01,2.000000000000000042e-03
2.480640000000000356e+01,9.963787626400392172e-01,2.000000000000000042e-03
2.482680000000000220e+01,9.955004324440968055e-01,2.000000000000000042e-03
2.484720000000000084e+01,9.976092820514037562e-01,2.000000000000000042e-03
2.486760000000000304e+01,1.002649911358763246e+00,2.000000000000000042e-03
2.488800000000000168e+01,9.999111276645913371e-01,2.000000000000000042e-03
2.490840000000000032e+01,1.002581127524642346e+00,2.000000000000000042e-03
2.492880000000000251e+01,1.000821965153801729e+00,2.000000000000000042e-03
2.494920000000000115e+01,1.001565117651430414e+00,2.000000000000000042e-03
2.496960000000000335e+01,9.981982060093907982e-01,2.000000000000000042e-03
2.499000000000000199e+01,1.001047901908385329e+00,2.000000000000000042e-03
2.501040000000000063e+01,1.001457428468148780e+00,2.000000000000000042e-03
2.503080000000000283e+01,9.988467054155326652e-01,2.000000000000000042e-03
2.505120000000000147e+01,1.001119080741232237e+00,2.000000000000000042e-03
2.507160000000000011e+01,1.001132375517149731e+00,2.000000000000000042e-03
2.509200000000000230e+01,9.989008947577397990e-01,2.000000000000000042e-03
2.511240000000000094e+01,9.977544631354580140e-01,2.000000000000000042e-03
2.513280000000000314e+01,9.976317433362034137e-01,2.000000000000000042e-03
2.515320000000000178e+01,1.000173011083842933e+00,2.000000000000000042e-03
2.517360000000000042e+01,1.000654019737578615e+00,2.000000000000000042e-03
2.519400000000000261e+01,9.984149483390841739e-01,2.000000000000000042e-03
2.521440000000000126e+01,1.000053170682652093e+00,2.000000000000000042e-03
2.523480000000000345e+01,1.001141074072277037e+00,2.000000000000000042e-03
2.525520000000000209e+01,1.001236381429330580e+00,2.000000000000000042e-03
2.527560000000000073e+01,1.003103760240245057e+00,2.000000000000000042e-03
2.529600000000000293e+01,1.002553961664396143e+00,2.000000000000000042e-03
2.531640000000000157e+01,9.979974171344868639e-01,2.000000000000000042e-03
2.533680000000000021e+01,1.003367172419076025e+00,2.000000000000000042e-03
2.535720000000000240e+01,9.989380469908886173e-01,2.000000000000000042e-03
2.537760000000000105e+01,1.002089745624908934e+00,2.000000000000000042e-03
2.539800000000000324e+01,1.000135973252102239e+00,2.000000000000000042e-03
2.541840000000000188e+01,9.991757012430860785e-01,2.000000000000000042e-03
2.543880000000000052e+01,9.963846062804501136e-01,2.000000000000000042e-03
2.545920000000000272e+01,9.996568709795673469e-01,2.000000000000000042e-03
2.547960000000000136e+01,9.968812335293887328e-01,2.000000000000000042e-03
2.550000000000000355e+01,1.001934598471685645e+00,2.000000000000000042e-03
2.552040000000000219e+01,1.003033585314278442e+00,2.000000000000000042e-03
2.554080000000000084e+01,9.984061780214066317e-01,2.000000000000000042e-03
2.556120000000000303e+01,1.000603941485038506e+00,2.000000000000000042e-03
2.558160000000000167e+01,9.985492169559840869e-01,2.000000000000000042e-03
2.560200000000000031e+01,9.987430305397264618e-01,2.000000000000000042e-03
2.562240000000000251e+01,1.001548989407730739e+00,2.000000000000000042e-03
2.564280000000000115e+01,9.999229234763131746e-01,2.000000000000000042e-03
2.566320000000000334e+01,1.003479296083862105e+00,2.000000000000000042e-03
2.568360000000000198e+01,9.990355350425941250e-01,2.000000000000000042e-03
2.570400000000000063e+01,1.001998672664949019e+00,2.000000000000000042e-03
2.572440000000000282e+01,1.000194826825915539e+00,2.000000000000000042e-03
2.574480000000000146e+01,1.001591556019488571e+00,2.000000000000000042e-03
2.576520000000000010e+01,9.991056846853401119e-01,2.000000000000000042e-03
2.578560000000000230e+01,9.999008823248968225e-01,2.000000000000000042e-03
2.580600000000000094e+01,9.997690022414020827e-01,2.000000000000000042e-03
2.582640000000000313e+01,9.983278857703083986e-01,2.000000000000000042e-03
2.584680000000000177e+01,1.001324163069163609e+00,2.000000000000000042e-03
2.586720000000000041e+01,1.001300498011156836e+00,2.000000000000000042e-03
2.588760000000000261e+01,1.001187109389811036e+00,2.000000000000000042e-03
2.590800000000000125e+01,1.003073931307835398e+00,2.000000000000000042e-03
2.592840000000000344e+01,1.002898689602472526e+00,2.000000000000000042e-03
2.594880000000000209e+01,9.992501106203017791e-01,2.000000000000000042e-03
2.596920000000000073e+01,1.000746104636868417e+00,2.000000000000000042e-03
2.598960000000000292e+01,9.987527986214835840e-01,2.000000000000000042e-03
2.601000000000000156e+01,1.000046710632229052e+00,2.000000000000000042e-03
2.603040000000000020e+01,9.988005011017622170e-01,2.000000000000000042e-03
2.605080000000000240e+01,1.003240140618272047e+00,2.000000000000000042e-03
2.607120000000000104e+01,1.000727396300685967e+00,2.000000000000000042e-03
2.609160000000000323e+01,9.995639417437911511e-01,2.000000000000000042e-03
2.611200000000000188e+01,1.002387237143712806e+00,2.000000000000000042e-03
2.613240000000000052e+01,9.956587691804091866e-01,2.000000000000000042e-03
2.615280000000000271e+01,9.959717948102694285e-01,2.000000000000000042e-03
2.617320000000000135e+01,1.001591677310439632e+00,2.000000000000000042e-03
2.619360000000000355e+01,1.000120936896234713e+00,2.000000000000000042e-03
2.621400000000000219e+01,1.000500892600521441e+00,2.000000000000000042e-03
2.623440000000000083e+01,9.973472077933629443e-01,2.000000000000000042e-03
2.625480000000000302e+01,9.999535325782992201e-01,2.000000000000000042e-03
2.627520000000000167e+01,1.004007018820802788e+00,2.000000000000000042e-03
2.629560000000000031e+01,1.001648399239591702e+00,2.000000000000000042e-03
2.631600000000000250e+01,1.000339413090285623e+00,2.000000000000000042e-03
2.633640000000000114e+01,9.991218921797900832e-01,2.000000000000000042e-03
2.635680000000000334e+01,9.992108542962612194e-01,2.000000000000000042e-03
2.637720000000000198e+01,9.957416042215999630e-01,2.000000000000000042e-03
2.639760000000000062e+01,1.000515280841842269e+00,2.000000000000000042e-03
2.641800000000000281e+01,1.001690966216963741e+00,2.000000000000000042e-03
2.643840000000000146e+01,9.968487613456588070e-01,2.000000000000000042e-03
2.645880000000000365e+01,9.986771662153863804e-01,2.000000000000000042e-03
2.647920000000000229e+01,9.976850707355331416e-01,2.000000000000000042e-03
2.649960000000000093e+01,9.980692976103824332e-01,2.000000000000000042e-03
2.652000000000000313e+01,1.000106963253643899e+00,2.000000000000000042e-03
2.654040000000000177e+01,9.958311956900230966e-01,2.000000000000000042e-03
2.656080000000000041e+01,1.001228540876714090e+00,2.000000000000000042e-03
2.658120000000000260e+01,1.001507710139867280e+00,2.000000000000000042e-03
2.660160000000000124e+01,9.994977948239262000e-01,2.000000000000000042e-03
2.662200000000000344e+01,9.950385829800308946e-01,2.000000000000000042e-03
2.664240000000000208e+01,9.980071627479951690e-01,2.000000000000000042e-03
2.666280000000000072e+01,1.002465803868205496e+00,2.000000000000000042e-03
2.668320000000000292e+01,9.944440114385428853e-01,2.000000000000000042e-03
2.670360000000000156e+01,9.993049531756129644e-01,2.000000000000000042e-03
2.672400000000000020e+01,9.976399984430655010e-01,2.000000000000000042e-03
2.674440000000000239e+01,1.001609140603169745e+00,2.000000000000000042e-03
2.676480000000000103e+01,9.986497720957130397e-01,2.000000000000000042e-03
2.678520000000000323e+01,1.000807908041471128e+00,2.000000000000000042e-03
2.680560000000000187e+01,1.001130920838338101e+00,2.000000000000000042e-03
2.682600000000000051e+01,1.003672451679459954e+00,2.000000000000000042e-03
2.684640000000000271e+01,9.953274494459812827e-01,2.000000000000000042e-03
2.686680000000000135e+01,9.907520887392452513e-01,2.000000000000000042e-03
2.688720000000000354e+01,9.870298890417451565e-01,2.000000000000000042e-03
2.690760000000000218e+01,9.923808271265874836e-01,2.000000000000000042e-03
2.692800000000000082e+01,9.884789823038572232e-01,2.000000000000000042e-03
2.694840000000000302e+01,9.911451583384927044e-01,2.000000000000000042e-03
2.696880000000000166e+01,9.999555044103015655e-01,2.000000000000000042e-03
2.698920000000000030e+01,9.968742313093202911e-01,2.000000000000000042e-03
