ell,Dl_muK2,dDl_muK2,planck_bestfit
47.711224,1479.33552,50.7654876,1461.11304
76.4716065,2034.96833,54.7101576,2062.38073
105.917385,2955.39416,64.976644,2904.52526
135.605348,3869.51392,76.9143744,3902.48963
165.405597,4889.46506,86.5856259,4861.35537
195.26687,5464.10945,90.5533459,5534.80715
225.164945,5793.43954,87.1348811,5726.93135
255.086908,5372.88375,76.9383697,5374.98113
285.025248,4627.67753,62.5199141,4588.32266
314.975304,3604.23851,47.1589439,3596.89801
344.934027,2631.20029,33.8762191,2667.45188
374.899344,2033.05943,24.8190562,2018.16864
404.869791,1753.36253,20.7109083,1748.34025
434.844309,1787.57901,20.6713695,1821.92489
464.822111,2162.04649,22.7523861,2098.23728
494.802601,2422.0848,24.9726104,2397.72998
524.78532,2573.4805,25.9184118,2571.44487
554.769905,2546.29768,25.0510538,2551.80645
584.756069,2360.6453,22.7209283,2364.3614
614.743583,2095.43505,19.8505488,2104.80607
644.732258,1884.67698,17.5025264,1890.96016
674.721939,1813.16288,16.4306044,1812.52216
704.712498,1883.19393,16.7990643,1896.7265
734.703827,2097.13072,18.1645476,2102.25612
764.695836,2318.73584,19.7363538,2338.80907
794.688447,2464.58129,20.706222,2504.1744
824.681596,2521.9126,20.519762,2522.77302
854.675226,2394.12077,19.0381031,2371.41912
884.669287,2083.33867,16.5790348,2083.35227
914.663738,1740.72841,13.7374917,1732.53226
944.658541,1418.67342,11.1420483,1405.02882
974.653663,1172.95424,9.28646475,1170.14623
1004.64908,1062.40462,8.37987,1058.87288
1034.64476,1047.86241,8.30074773,1059.3642
1064.64068,1132.35191,8.68575434,1126.6922
1094.63683,1211.01851,9.11274984,1202.98244
1124.63318,1231.87224,9.26050628,1238.5879
1154.62972,1205.7805,8.98528122,1208.04315
1184.62643,1117.92662,8.33171031,1115.02109
1214.62331,968.422243,7.54508665,986.438951
1244.62034,864.397967,6.64322644,859.46933
1274.61751,761.605936,5.98585735,766.8453
1304.61481,732.339633,5.68666086,725.319871
1334.61223,737.290337,5.71800485,731.898515
1364.60976,774.925851,5.94089388,767.047643
1394.6074,806.625346,6.17243469,803.588527
1424.60514,809.057064,6.25632882,816.784389
1454.60297,777.751089,6.1114343,792.658706
1484.60089,728.94358,5.74544667,731.230681
1514.5989,648.288645,5.24258624,644.972815
1544.59698,551.286111,4.72393254,552.838213
1574.59513,476.600995,4.300796,473.410287
1604.59335,419.54127,4.04442416,418.888542
1634.59164,395.211496,3.96833591,392.1526
1664.58999,391.657847,4.03423921,387.313797
1694.58839,392.947519,4.17356282,393.097715
1724.58686,397.735803,4.3166551,397.391812
1754.58537,383.011743,4.41586492,391.42736
1784.58394,375.391143,4.45733427,371.983403
1814.58255,340.139516,4.45892926,341.585903
1844.58121,307.539268,4.45749277,306.53267
1874.57991,273.859536,4.49350451,274.153525
1904.57865,249.846901,4.59652807,250.006349
1934.57743,244.2463,4.77758093,236.236579
1964.57625,231.913142,5.02866666,231.349665
1994.5751,234.658998,5.42839879,231.209089
2024.57399,231.744942,5.86880339,230.81875
2054.57291,219.660112,6.20024969,226.094532
2084.57186,214.25265,6.53323083,215.102553
2114.57084,196.716713,6.87393629,198.340298
2144.56985,176.431323,7.23789713,178.237039
2174.56889,152.227062,7.64417922,158.049842
2204.56795,138.671109,8.10965997,140.733305
2234.56704,121.459219,8.64541703,128.004092
2264.56615,116.155153,9.2555667,120.051892
2294.56529,117.768892,9.93861339,115.70577
2324.56444,116.129438,10.6905048,113.100669
2354.56362,109.714703,11.5085752,110.345705
2384.56282,120.361413,12.3926722,106.13956
2414.56204,90.4515698,13.3433129,100.105444
2444.56128,103.080972,14.3819739,92.6666904
2474.56054,73.6743738,15.5113561,84.8106882
2499.024,61.3290585,20.9398269,78.7736295
