dist_mpc,vel_kms
37.70000076293945,2926.0
166.6999969482422,10487.0
50.79999923706055,2309.0
99.5,8819.0
30.5,2116.0
173.39999389648438,13621.0
167.5,10779.0
83.19999694824219,6997.0
159.1999969482422,16093.0
149.3000030517578,13027.0
101.9000015258789,8705.0
80.5,5100.0
60.5,4439.0
103.30000305175781,7933.0
141.3000030517578,13751.0
71.4000015258789,6795.0
141.89999389648438,13111.0
171.8000030517578,13360.0
20.899999618530273,1423.0
26.899999618530273,1870.0
157.0,11862.0
48.29999923706055,4280.0
74.5,6846.0
84.69999694824219,9382.0
139.3000030517578,8016.0
29.100000381469727,2931.0
98.30000305175781,7736.0
42.900001525878906,3678.0
98.5999984741211,10069.0
92.0,6316.0
153.10000610351562,11371.0
19.700000762939453,1380.0
103.80000305175781,6701.0
132.39999389648438,9561.0
56.20000076293945,4086.0
25.799999237060547,2557.0
141.3000030517578,9487.0
108.0999984741211,6944.0
68.5,5249.0
75.19999694824219,5542.0
155.60000610351562,9959.0
49.0,4408.0
78.0,5703.0
48.400001525878906,4507.0
129.39999389648438,6743.0
90.80000305175781,6602.0
102.69999694824219,6715.0
25.799999237060547,1920.0
121.30000305175781,9258.0
59.29999923706055,4566.0
52.0,2755.0
46.099998474121094,3900.0
50.70000076293945,2842.0
36.099998474121094,1980.0
48.5,3601.0
103.80000305175781,9584.0
31.5,3080.0
40.900001525878906,3301.0
161.8000030517578,10882.0
76.9000015258789,6691.0
128.8000030517578,6275.0
32.70000076293945,2392.0
196.8000030517578,15076.0
145.1999969482422,8223.0
138.0,12298.0
167.5,14743.0
120.19999694824219,10575.0
165.1999969482422,12282.0
190.0,15032.0
120.19999694824219,10530.0
35.29999923706055,2880.0
69.5,5314.0
16.399999618530273,1340.0
119.0,9443.0
34.5,2218.0
113.19999694824219,7197.0
180.3000030517578,11944.0
136.8000030517578,10168.0
150.89999389648438,11483.0
140.0,8950.0
133.6999969482422,10382.0
113.80000305175781,7788.0
52.5,4998.0
40.400001525878906,1854.0
41.900001525878906,2179.0
164.39999389648438,10643.0
117.5,7733.0
165.1999969482422,10613.0
28.100000381469727,4570.0
163.6999969482422,9361.0
157.8000030517578,9174.0
48.79999923706055,4973.0
74.0999984741211,4777.0
78.30000305175781,10391.0
61.099998474121094,3841.0
40.900001525878906,4180.0
116.4000015258789,7290.0
73.80000305175781,6091.0
84.30000305175781,8452.0
69.5,5029.0
120.19999694824219,9394.0
70.0999984741211,10620.0
72.0999984741211,3981.0
160.6999969482422,15084.0
66.69999694824219,5024.0
66.69999694824219,3328.0
42.70000076293945,3352.0
98.5999984741211,6484.0
36.0,2821.0
130.0,13424.0
31.600000381469727,2421.0
136.8000030517578,9946.0
129.39999389648438,9557.0
150.0,11867.0
11.300000190734863,836.0
26.899999618530273,2407.0
31.799999237060547,2106.0
23.0,1492.0
97.69999694824219,7994.0
130.8000030517578,9826.0
82.4000015258789,11333.0
95.0999984741211,6054.0
160.0,13161.0
61.099998474121094,4921.0
55.5,4878.0
109.5999984741211,7222.0
101.4000015258789,8431.0
19.899999618530273,1189.0
59.400001525878906,4846.0
108.0999984741211,7851.0
96.5999984741211,10447.0
175.39999389648438,9635.0
33.70000076293945,2705.0
42.70000076293945,3560.0
85.0999984741211,4608.0
136.10000610351562,8343.0
118.5999984741211,7274.0
164.39999389648438,10243.0
95.5,6637.0
67.30000305175781,6687.0
131.1999969482422,15283.0
42.70000076293945,4805.0
44.900001525878906,2902.0
28.399999618530273,1114.0
114.80000305175781,7874.0
61.099998474121094,5352.0
100.0,6450.0
182.8000030517578,11599.0
57.5,4551.0
144.5,11703.0
84.69999694824219,4976.0
23.399999618530273,1952.0
27.700000762939453,1747.0
24.200000762939453,3158.0
90.80000305175781,9477.0
41.400001525878906,3056.0
154.1999969482422,9323.0
71.4000015258789,5376.0
25.799999237060547,1387.0
126.5,7714.0
80.9000015258789,6445.0
35.0,3101.0
121.30000305175781,11214.0
22.799999237060547,2017.0
106.19999694824219,5503.0
153.5,12914.0
87.9000015258789,6341.0
52.5,3668.0
102.0,8873.0
169.8000030517578,12057.0
124.69999694824219,12361.0
74.80000305175781,5152.0
57.5,4683.0
133.0,10565.0
102.80000305175781,9746.0
27.5,1733.0
47.599998474121094,4172.0
54.0,6847.0
31.200000762939453,2007.0
26.399999618530273,2381.0
98.5,6654.0
68.5,4120.0
134.89999389648438,12657.0
169.0,14465.0
109.5999984741211,5909.0
145.1999969482422,15913.0
153.5,16137.0
128.39999389648438,10064.0
15.199999809265137,857.0
64.0,5172.0
120.80000305175781,10100.0
78.30000305175781,6670.0
74.80000305175781,4739.0
69.5,5316.0
32.79999923706055,1759.0
49.0,2955.0
75.5,5536.0
95.9000015258789,5711.0
118.5999984741211,5289.0
64.0,4565.0
136.10000610351562,11093.0
103.30000305175781,5984.0
195.89999389648438,13802.0
198.1999969482422,15111.0
184.5,12972.0
68.5,5817.0
73.5,4767.0
72.0999984741211,4889.0
106.19999694824219,7757.0
93.80000305175781,11592.0
94.5999984741211,6790.0
68.9000015258789,4155.0
192.3000030517578,14989.0
112.69999694824219,11984.0
177.8000030517578,11372.0
176.1999969482422,14789.0
78.69999694824219,5664.0
14.699999809265137,1146.0
41.5,3234.0
104.69999694824219,6179.0
48.5,4020.0
23.799999237060547,1296.0
133.39999389648438,9897.0
78.0,6434.0
98.19999694824219,7398.0
132.39999389648438,15251.0
68.9000015258789,5198.0
121.30000305175781,10371.0
150.0,10976.0
101.9000015258789,6452.0
36.5,1869.0
23.200000762939453,2459.0
171.39999389648438,9973.0
102.80000305175781,6194.0
143.1999969482422,9013.0
37.29999923706055,3561.0
60.0,3714.0
125.9000015258789,9132.0
80.19999694824219,7199.0
121.9000015258789,8773.0
38.20000076293945,1799.0
157.89999389648438,11678.0
92.5,6076.0
152.8000030517578,9908.0
182.8000030517578,12864.0
58.20000076293945,3603.0
10.5,659.0
152.10000610351562,11594.0
29.200000762939453,2348.0
148.10000610351562,11083.0
135.5,12876.0
116.9000015258789,8713.0
154.89999389648438,10159.0
113.80000305175781,8629.0
18.399999618530273,1503.0
115.9000015258789,11470.0
43.900001525878906,2917.0
21.299999237060547,1207.0
55.70000076293945,4592.0
146.60000610351562,13130.0
54.20000076293945,4154.0
125.9000015258789,10656.0
187.10000610351562,14906.0
23.200000762939453,950.0
195.89999389648438,15759.0
185.39999389648438,10097.0
62.5,6855.0
19.299999237060547,1525.0
28.799999237060547,1311.0
171.39999389648438,14799.0
93.30000305175781,8808.0
98.19999694824219,4895.0
82.0,5911.0
20.200000762939453,1292.0
67.9000015258789,5501.0
163.6999969482422,10512.0
102.30000305175781,8369.0
80.9000015258789,9970.0
194.6999969482422,14697.0
38.70000076293945,5037.0
63.79999923706055,5511.0
79.0999984741211,8016.0
117.5,8038.0
61.900001525878906,6962.0
107.5999984741211,5580.0
133.0,8581.0
152.10000610351562,10473.0
114.80000305175781,10125.0
141.89999389648438,10871.0
164.39999389648438,12346.0
79.0999984741211,7273.0
120.80000305175781,10416.0
154.89999389648438,15873.0
147.89999389648438,10313.0
162.89999389648438,11087.0
143.89999389648438,9288.0
166.0,13561.0
116.9000015258789,7582.0
24.5,1748.0
25.5,1239.0
116.9000015258789,12593.0
36.70000076293945,2280.0
115.9000015258789,8280.0
136.10000610351562,14602.0
131.8000030517578,10689.0
96.80000305175781,6987.0
121.30000305175781,8744.0
22.700000762939453,2072.0
162.1999969482422,15975.0
112.19999694824219,7782.0
168.3000030517578,11568.0
51.79999923706055,3029.0
133.6999969482422,13435.0
130.60000610351562,7766.0
169.0,9897.0
48.5,5003.0
17.100000381469727,887.0
33.0,2032.0
98.5999984741211,7310.0
36.5,3206.0
73.0999984741211,5702.0
137.39999389648438,14941.0
82.0,6482.0
187.89999389648438,13751.0
178.60000610351562,10892.0
63.099998474121094,4451.0
134.3000030517578,12928.0
62.20000076293945,5185.0
64.0,5712.0
65.5,4421.0
177.8000030517578,11113.0
132.3000030517578,7654.0
117.5,6447.0
102.30000305175781,7637.0
47.0,4499.0
169.0,13425.0
67.80000305175781,7968.0
73.0999984741211,5719.0
119.69999694824219,7635.0
94.19999694824219,9468.0
85.0999984741211,5293.0
139.3000030517578,9369.0
110.19999694824219,9268.0
165.1999969482422,8484.0
55.20000076293945,4043.0
89.9000015258789,5051.0
72.80000305175781,7459.0
67.30000305175781,3968.0
23.799999237060547,1463.0
138.0,9635.0
153.5,8452.0
44.70000076293945,4371.0
61.900001525878906,5329.0
67.0,5295.0
80.9000015258789,5197.0
137.39999389648438,14477.0
112.69999694824219,8390.0
87.0999984741211,7291.0
12.699999809265137,1524.0
16.5,1122.0
49.20000076293945,5438.0
143.1999969482422,14551.0
175.39999389648438,10857.0
51.099998474121094,2833.0
155.60000610351562,8194.0
139.3000030517578,10387.0
56.79999923706055,4680.0
85.5,7063.0
114.80000305175781,8401.0
124.19999694824219,5977.0
106.69999694824219,7526.0
72.0999984741211,6198.0
47.5,3400.0
15.899999618530273,1335.0
101.4000015258789,7808.0
132.39999389648438,8011.0
148.60000610351562,8460.0
117.5,10335.0
171.39999389648438,13504.0
61.099998474121094,4822.0
61.900001525878906,6305.0
73.0999984741211,6652.0
18.5,928.0
30.100000381469727,2606.0
136.10000610351562,11182.0
190.5,11958.0
176.1999969482422,9931.0
181.10000610351562,14222.0
114.30000305175781,7978.0
16.899999618530273,1732.0
98.19999694824219,10067.0
129.39999389648438,11068.0
97.69999694824219,6285.0
87.9000015258789,12518.0
78.5,4938.0
24.299999237060547,884.0
84.69999694824219,5212.0
66.30000305175781,5283.0
89.9000015258789,5201.0
153.5,8203.0
128.1999969482422,9593.0
198.60000610351562,13158.0
78.30000305175781,5902.0
191.39999389648438,12814.0
114.30000305175781,6889.0
156.3000030517578,8093.0
22.100000381469727,1393.0
145.3000030517578,10762.0
124.69999694824219,9599.0
36.70000076293945,3229.0
198.60000610351562,14879.0
73.0999984741211,5974.0
106.69999694824219,11621.0
35.29999923706055,2409.0
154.1999969482422,11375.0
31.0,2295.0
87.0999984741211,5860.0
152.8000030517578,10028.0
166.0,15779.0
40.400001525878906,2912.0
86.30000305175781,4086.0
107.19999694824219,8725.0
87.9000015258789,6444.0
134.89999389648438,9017.0
115.9000015258789,7035.0
111.19999694824219,10763.0
69.5,5045.0
143.89999389648438,10285.0
165.1999969482422,10683.0
168.3000030517578,13490.0
184.5,10961.0
192.3000030517578,10156.0
144.5,14028.0
39.400001525878906,2627.0
11.800000190734863,1211.0
177.0,14197.0
59.70000076293945,5961.0
73.5,4504.0
62.5,4882.0
170.39999389648438,9695.0
185.8000030517578,14832.0
58.599998474121094,6291.0
44.70000076293945,3783.0
35.599998474121094,4428.0
101.4000015258789,8492.0
89.5,7182.0
193.1999969482422,9035.0
32.900001525878906,1932.0
121.9000015258789,7579.0
29.600000381469727,1546.0
80.5,4897.0
55.5,4737.0
131.1999969482422,8698.0
64.30000305175781,4682.0
54.20000076293945,5163.0
81.30000305175781,6539.0
157.0,10764.0
131.1999969482422,10348.0
42.099998474121094,5010.0
111.0,6975.0
100.9000015258789,7105.0
120.5999984741211,11202.0
92.5,6604.0
58.900001525878906,5309.0
74.80000305175781,4374.0
66.0999984741211,5139.0
128.8000030517578,14215.0
155.60000610351562,14152.0
196.8000030517578,14106.0
108.5999984741211,7226.0
150.39999389648438,10935.0
199.10000610351562,11486.0
138.6999969482422,11052.0
76.19999694824219,4775.0
157.0,15766.0
66.69999694824219,3653.0
143.89999389648438,12679.0
97.30000305175781,6802.0
112.80000305175781,8645.0
189.6999969482422,14397.0
36.29999923706055,3598.0
137.39999389648438,10463.0
115.30000305175781,6806.0
145.89999389648438,10103.0
39.29999923706055,2554.0
177.0,8668.0
157.0,15691.0
108.0999984741211,12031.0
38.5,2390.0
81.69999694824219,7441.0
81.69999694824219,4123.0
28.899999618530273,2112.0
45.5,5849.0
21.799999237060547,1225.0
96.4000015258789,6557.0
117.5,7847.0
52.0,4113.0
58.29999923706055,4528.0
116.69999694824219,7989.0
132.39999389648438,9736.0
97.30000305175781,7342.0
159.8000030517578,11134.0
141.89999389648438,11567.0
90.80000305175781,6459.0
26.299999237060547,2088.0
87.5,6288.0
38.70000076293945,3472.0
81.69999694824219,5395.0
161.39999389648438,10947.0
114.0,7986.0
125.19999694824219,6974.0
103.30000305175781,8277.0
156.3000030517578,14548.0
87.9000015258789,7375.0
79.0999984741211,4980.0
168.3000030517578,12556.0
31.200000762939453,3323.0
116.9000015258789,7823.0
58.20000076293945,5020.0
125.0,12003.0
114.5999984741211,8978.0
187.10000610351562,10040.0
83.9000015258789,5204.0
48.5,4603.0
36.29999923706055,3047.0
114.30000305175781,6692.0
54.0,4818.0
156.3000030517578,11480.0
64.5999984741211,3395.0
166.0,14148.0
121.30000305175781,7895.0
104.69999694824219,6627.0
121.9000015258789,4780.0
67.0,4970.0
61.099998474121094,5538.0
98.5999984741211,6572.0
116.4000015258789,8363.0
145.1999969482422,12080.0
104.69999694824219,7831.0
61.79999923706055,5014.0
81.5,5962.0
78.69999694824219,6354.0
49.70000076293945,5347.0
187.89999389648438,12432.0
86.69999694824219,5788.0
157.8000030517578,10998.0
98.5999984741211,8829.0
124.19999694824219,12171.0
20.0,1487.0
130.60000610351562,11658.0
113.80000305175781,9237.0
143.89999389648438,10839.0
95.0999984741211,7221.0
164.8000030517578,14188.0
108.0999984741211,7983.0
116.9000015258789,9020.0
162.1999969482422,7851.0
121.9000015258789,9339.0
92.0,7481.0
152.10000610351562,10861.0
85.0999984741211,7641.0
133.0,13445.0
148.8000030517578,15625.0
19.5,2291.0
23.100000381469727,1480.0
50.400001525878906,5588.0
18.399999618530273,1249.0
32.400001525878906,2940.0
135.5,15860.0
36.5,3132.0
20.899999618530273,1346.0
56.20000076293945,4989.0
173.8000030517578,15530.0
21.200000762939453,1637.0
48.29999923706055,4551.0
107.5999984741211,8368.0
80.19999694824219,5784.0
108.9000015258789,8922.0
62.79999923706055,4522.0
82.4000015258789,4982.0
176.1999969482422,12462.0
121.9000015258789,6733.0
137.39999389648438,11008.0
123.5999984741211,9063.0
61.099998474121094,5265.0
121.30000305175781,13220.0
93.80000305175781,7876.0
176.1999969482422,13115.0
89.0999984741211,6371.0
60.79999923706055,4898.0
92.9000015258789,6033.0
79.4000015258789,5046.0
193.1999969482422,11411.0
157.8000030517578,10457.0
92.9000015258789,7095.0
43.29999923706055,3353.0
165.1999969482422,9774.0
187.10000610351562,10739.0
134.3000030517578,8568.0
62.20000076293945,6738.0
